1,547,49.5,2.59,3
2,548,49.5,2.59,3
3,549,49.5,2.59,3
4,550,49.5,2.59,3
5,551,49.5,2.59,3
6,552,49.5,2.59,3
7,553,49.5,2.59,3
8,554,49.5,2.59,3
9,555,49.5,2.59,3
10,556,49.5,2.59,3
11,557,49.5,2.59,3
12,558,49.5,2.59,3
13,559,49.5,2.59,3
14,560,49.5,2.59,3
15,561,49.5,2.59,3
16,562,49.5,2.59,3
17,563,49.5,2.59,3
18,564,49.5,2.59,3
19,565,49.5,2.59,3
20,566,49.5,2.59,3
21,567,49.5,2.59,3
22,568,49.5,2.59,3
23,569,49.5,2.59,3
24,570,49.5,2.59,3
25,571,49.5,2.59,3
26,572,49.5,2.59,3
27,573,49.5,2.59,3
28,574,49.5,2.59,3
29,575,49.5,2.59,3
30,576,49.5,2.59,3
31,577,49.5,2.59,3
32,578,49.5,2.59,3
33,579,49.5,2.59,3
34,580,49.5,2.59,3
35,581,49.5,2.59,3
36,582,49.5,2.59,3
37,583,49.5,2.59,3
38,584,49.5,2.59,3
39,585,49.5,2.59,3
40,586,49.5,2.59,3
41,587,49.5,2.59,3
42,588,49.5,2.59,3
43,589,49.5,2.59,3
44,590,49.5,2.59,3
45,591,49.5,2.59,3
46,592,49.5,2.59,3
47,593,49.5,2.59,3
48,594,49.5,2.59,3
49,595,49.5,2.59,3
50,596,49.5,2.59,3
51,597,49.5,2.59,3
52,598,49.5,2.59,3
53,599,49.5,2.59,3
54,600,49.5,2.59,3
55,601,49.5,2.59,3
56,602,49.5,2.59,3
57,603,49.5,2.59,3
58,604,49.5,2.59,3
59,605,49.5,2.59,3
60,606,49.5,2.59,3
61,607,49.5,2.59,3
62,608,49.5,2.59,3
63,609,49.5,2.59,3
64,610,49.5,2.59,3
65,611,49.5,2.59,3
66,612,49.5,2.59,3
67,613,49.5,2.59,3
68,614,49.5,2.59,3
69,615,49.5,2.59,3
70,616,49.5,2.59,3
71,617,49.5,2.59,3
72,618,49.5,2.59,3
73,619,49.5,2.59,3
74,620,49.5,2.59,3
75,621,49.5,2.59,3
76,622,49.5,2.59,3
77,623,49.5,2.59,3
78,624,49.5,2.59,3
79,625,49.5,2.59,3
80,626,49.5,2.59,3
81,627,49.5,2.59,3
82,628,49.5,2.59,3
83,629,49.5,2.59,3
84,630,49.5,2.59,3
85,631,49.5,2.59,3
86,632,49.5,2.59,3
87,633,49.5,2.59,3
88,634,49.5,2.59,3
89,635,49.5,2.59,3
90,636,49.5,2.59,3
91,637,49.5,2.59,3
92,638,49.5,2.59,3
93,639,49.5,2.59,3
94,640,49.5,2.59,3
95,641,49.5,2.59,3
96,642,49.5,2.59,3
97,643,49.5,2.59,3
98,644,49.5,2.59,3
99,645,49.5,2.59,3
100,646,49.5,2.59,3
101,647,49.5,2.59,3
102,648,49.5,2.59,3
103,649,49.5,2.59,3
104,650,49.5,2.59,3
105,651,49.5,2.59,3
106,652,49.5,2.59,3
107,653,49.5,2.59,3
108,654,49.5,2.59,3
109,655,49.5,2.59,3
110,656,49.5,2.59,3
111,657,49.5,2.59,3
112,658,49.5,2.59,3
113,659,49.5,2.59,3
114,660,49.5,2.59,3
115,661,49.5,2.59,3
116,662,49.5,2.59,3
117,663,49.5,2.59,3
118,664,49.5,2.59,3
119,665,49.5,2.59,3
120,666,49.5,2.59,3
121,667,49.5,2.59,3
122,668,49.5,2.59,3
123,669,49.5,2.59,3
124,670,49.5,2.59,3
125,671,49.5,2.59,3
126,672,49.5,2.59,3
127,673,49.5,2.59,3
128,674,49.5,2.59,3
129,675,49.5,2.59,3
130,676,49.5,2.59,3
131,677,49.5,2.59,3
132,678,49.5,2.59,3
133,679,49.5,2.59,3
134,680,49.5,2.59,3
135,681,49.5,2.59,3
136,682,49.5,2.59,3
137,683,49.5,2.59,3
138,684,49.5,2.59,3
139,685,49.5,2.59,3
140,686,49.5,2.59,3
141,687,49.5,2.59,3
142,688,49.5,2.59,3
143,689,49.5,2.59,3
144,690,49.5,2.59,3
145,691,49.5,2.59,3
146,692,49.5,2.59,3
147,693,49.5,2.59,3
148,694,49.5,2.59,3
149,695,49.5,2.59,3
150,696,49.5,2.59,3
151,697,49.5,2.59,3
152,698,49.5,2.59,3
153,699,49.5,2.59,3
154,700,49.5,2.59,3
155,701,49.5,2.59,3
156,702,49.5,2.59,3
157,703,49.5,2.59,3
158,704,49.5,2.59,3
159,705,49.5,2.59,3
160,706,49.5,2.59,3
161,707,49.5,2.59,3
162,708,49.5,2.59,3
163,709,49.5,2.59,3
164,710,49.5,2.59,3
165,711,49.5,2.59,3
166,712,49.5,2.59,3
167,713,49.5,2.59,3
168,714,49.5,2.59,3
169,715,49.5,2.59,3
170,716,49.5,2.59,3
171,717,49.5,2.59,3
172,718,49.5,2.59,3
173,719,49.5,2.59,3
174,720,49.5,2.59,3
175,721,49.5,2.59,3
176,722,49.5,2.59,3
177,723,49.5,2.59,3
178,724,49.5,2.59,3
179,725,49.5,2.59,3
180,726,49.5,2.59,3
181,727,49.5,2.59,3
182,728,49.5,2.59,3
183,729,49.5,2.59,3
184,730,49.5,2.59,3
185,731,49.5,2.59,3
186,732,49.5,2.59,3
187,733,49.5,2.59,3
188,734,49.5,2.59,3
189,735,49.5,2.59,3
190,736,49.5,2.59,3
191,737,49.5,2.59,3
192,738,49.5,2.59,3
193,739,49.5,2.59,3
194,740,49.5,2.59,3
195,741,49.5,2.59,3
196,742,49.5,2.59,3
197,743,49.5,2.59,3
198,744,49.5,2.59,3
199,745,49.5,2.59,3
200,746,49.5,2.59,3
201,747,49.5,2.59,3
202,748,49.5,2.59,3
203,749,49.5,2.59,3
204,750,49.5,2.59,3
205,751,49.5,2.59,3
206,752,49.5,2.59,3
207,753,49.5,2.59,3
208,754,49.5,2.59,3
209,755,49.5,2.59,3
210,756,49.5,2.59,3
211,757,49.5,2.59,3
212,758,49.5,2.59,3
213,759,49.5,2.59,3
214,760,49.5,2.59,3
215,761,49.5,2.59,3
216,762,49.5,2.59,3
217,763,49.5,2.59,3
218,764,49.5,2.59,3
219,765,49.5,2.59,3
220,766,49.5,2.59,3
221,767,49.5,2.59,3
222,768,49.5,2.59,3
223,769,49.5,2.59,3
224,770,49.5,2.59,3
225,771,49.5,2.59,3
226,772,49.5,2.59,3
227,773,49.5,2.59,3
228,774,49.5,2.59,3
229,775,49.5,2.59,3
230,776,49.5,2.59,3
231,777,49.5,2.59,3
232,778,49.5,2.59,3
233,779,49.5,2.59,3
234,780,49.5,2.59,3
235,781,49.5,2.59,3
236,782,49.5,2.59,3
237,783,49.5,2.59,3
238,784,49.5,2.59,3
239,785,49.5,2.59,3
240,786,49.5,2.59,3
241,787,49.5,2.59,3
242,788,49.5,2.59,3
243,789,49.5,2.59,3
244,790,49.5,2.59,3
245,791,49.5,2.59,3
246,792,49.5,2.59,3
247,793,49.5,2.59,3
248,794,49.5,2.59,3
249,795,49.5,2.59,3
250,796,49.5,2.59,3
251,797,49.5,2.59,3
252,798,49.5,2.59,3
253,799,49.5,2.59,3
254,800,49.5,2.59,3
255,801,49.5,2.59,3
256,802,49.5,2.59,3
257,803,49.5,2.59,3
258,804,49.5,2.59,3
259,805,49.5,2.59,3
260,806,49.5,2.59,3
261,807,49.5,2.59,3
262,808,49.5,2.59,3
263,809,49.5,2.59,3
264,810,49.5,2.59,3
265,811,49.5,2.59,3
266,812,49.5,2.59,3
267,813,49.5,2.59,3
268,814,49.5,2.59,3
269,815,49.5,2.59,3
270,816,49.5,2.59,3
271,817,49.5,2.59,3
272,818,49.5,2.59,3
273,819,49.5,2.59,3
274,820,49.5,2.59,3
275,821,49.5,2.59,3
276,822,49.5,2.59,3
277,823,49.5,2.59,3
278,824,49.5,2.59,3
279,825,49.5,2.59,3
280,826,49.5,2.59,3
281,827,49.5,2.59,3
282,828,49.5,2.59,3
283,829,49.5,2.59,3
284,830,49.5,2.59,3
285,831,49.5,2.59,3
286,832,49.5,2.59,3
287,833,49.5,2.59,3
288,834,49.5,2.59,3
289,835,49.5,2.59,3
290,836,49.5,2.59,3
291,837,49.5,2.59,3
292,838,49.5,2.59,3
293,839,49.5,2.59,3
294,840,49.5,2.59,3
295,841,49.5,2.59,3
296,842,49.5,2.59,3
297,843,49.5,2.59,3
298,844,49.5,2.59,3
299,845,49.5,2.59,3
300,846,49.5,2.59,3
301,847,49.5,2.59,3
302,848,49.5,2.59,3
303,849,49.5,2.59,3
304,850,49.5,2.59,3
305,851,49.5,2.59,3
306,852,49.5,2.59,3
307,853,49.5,2.59,3
308,854,49.5,2.59,3
309,855,49.5,2.59,3
310,856,49.5,2.59,3
311,857,49.5,2.59,3
312,858,49.5,2.59,3
313,859,49.5,2.59,3
314,860,49.5,2.59,3
315,861,49.5,2.59,3
316,862,49.5,2.59,3
317,863,49.5,2.59,3
318,864,49.5,2.59,3
319,865,49.5,2.59,3
320,866,49.5,2.59,3
321,867,49.5,2.59,3
322,868,49.5,2.59,3
323,869,49.5,2.59,3
324,870,49.5,2.59,3
325,871,49.5,2.59,3
326,872,49.5,2.59,3
327,873,49.5,2.59,3
328,874,49.5,2.59,3
329,875,49.5,2.59,3
330,876,49.5,2.59,3
331,877,49.5,2.59,3
332,878,49.5,2.59,3
333,879,49.5,2.59,3
334,880,49.5,2.59,3
335,881,49.5,2.59,3
336,882,49.5,2.59,3
337,883,49.5,2.59,3
338,884,49.5,2.59,3
339,885,49.5,2.59,3
340,886,49.5,2.59,3
341,887,49.5,2.59,3
342,888,49.5,2.59,3
343,889,49.5,2.59,3
344,890,49.5,2.59,3
345,891,49.5,2.59,3
346,892,49.5,2.59,3
347,893,49.5,2.59,3
348,894,49.5,2.59,3
349,895,49.5,2.59,3
350,896,49.5,2.59,3
351,897,49.5,2.59,3
352,898,49.5,2.59,3
353,899,49.5,2.59,3
354,900,49.5,2.59,3
355,901,49.5,2.59,3
356,902,49.5,2.59,3
357,903,49.5,2.59,3
358,904,49.5,2.59,3
359,905,49.5,2.59,3
360,906,49.5,2.59,3
361,907,49.5,2.59,3
362,908,49.5,2.59,3
363,909,49.5,2.59,3
364,910,49.5,2.59,3
365,911,49.5,2.59,3
366,912,49.5,2.59,3
367,913,49.5,2.59,3
368,914,49.5,2.59,3
369,915,49.5,2.59,3
370,916,49.5,2.59,3
371,917,49.5,2.59,3
372,918,49.5,2.59,3
373,919,49.5,2.59,3
374,920,49.5,2.59,3
375,921,49.5,2.59,3
376,922,49.5,2.59,3
377,923,49.5,2.59,3
378,924,49.5,2.59,3
379,925,49.5,2.59,3
380,926,49.5,2.59,3
381,927,49.5,2.59,3
382,928,49.5,2.59,3
383,929,49.5,2.59,3
384,930,49.5,2.59,3
385,931,49.5,2.59,3
386,932,49.5,2.59,3
387,933,49.5,2.59,3
388,390,3.5,36.14,14
388,391,3.5,19.07,8.98
388,708,2,5.44,5.9
388,802,2,13.28,7.78
389,390,1,14.1,7.34
389,801,2.5,22.53,12.58
389,914,2.5,9.91,6.96
390,388,3.5,36.14,14
390,389,1,14.1,7.34
390,925,3.5,21.18,9.93
391,388,3.5,19.07,8.98
391,392,3.5,13.68,7.22
391,709,3,3.81,3.53
391,715,3,14.15,9.36
392,391,3.5,13.68,7.22
392,393,3.5,8.1,5.55
392,713,1,5.03,4.05
392,717,1,4.81,5.98
393,392,3.5,8.1,5.55
393,394,5,9.33,6.42
393,712,3.5,8.13,5.62
393,716,3.5,1.84,4.87
394,393,5,9.33,6.42
394,395,5,6.77,5.42
394,584,0.5,14.32,7.97
394,601,0.5,1.69,4.75
395,394,5,6.77,5.42
395,396,5,10.07,6.65
395,584,3.5,11.62,6.88
395,600,3.5,2.49,4.36
396,395,5,10.07,6.65
396,397,5,5.86,5.11
397,396,5,5.86,5.11
397,398,5,6.53,5.36
397,588,3,7.5,6.02
397,604,3,3.31,4.28
398,397,5,6.53,5.36
398,399,5,1.88,3.72
398,400,6.5,5.87,5.11
398,403,8,8.42,6.06
399,398,5,1.88,3.72
399,537,5,11.8,7.28
399,604,7,5.1,6.32
399,609,7,4.09,3.88
400,398,6.5,5.87,5.11
400,401,5,10.37,7.09
400,587,0.5,3.03,3.88
400,609,0.5,7.52,9.72
401,400,5,10.37,7.09
401,402,5,4.5,4.69
401,585,6,3,4.7
401,590,6,6.66,4.81
402,401,5,4.5,4.69
403,398,8,8.42,6.06
403,404,6.5,9.01,6.26
403,606,1.5,3.61,5.84
403,611,1.5,5.79,5.07
404,403,6.5,9.01,6.26
404,405,5,2.75,4.05
404,675,5.5,4.63,6.14
404,680,5.5,4.83,4.27
405,404,5,2.75,4.05
405,406,5,6.56,5.53
405,488,5,2.86,4.01
406,405,5,6.56,5.53
406,407,5,9.15,6.31
406,677,3,2.46,5
406,682,3,6.61,5.45
407,406,5,9.15,6.31
407,408,5,8.83,6.25
407,687,6.5,2.46,4.71
407,692,6.5,7.37,5.47
408,407,5,8.83,6.25
408,409,5,5.74,5.17
408,689,2,3.15,5.19
408,694,2,6.31,5.11
409,408,5,5.74,5.17
409,410,5,10.74,6.93
409,538,5,4.22,4.47
409,539,5,7.66,5.86
410,409,5,10.74,6.93
410,411,3.5,8.97,5.72
410,690,2,8.44,5.9
410,700,2,1.91,4.09
411,410,3.5,8.97,5.72
411,412,3.5,8.81,5.73
411,685,6,8.76,6.04
411,695,6,1.91,4.04
412,411,3.5,8.81,5.73
412,413,3.5,8.62,5.61
413,412,3.5,8.62,5.61
413,414,3.5,8.43,5.62
413,730,4,9.51,6.35
413,734,4,1.87,3.65
414,413,3.5,8.43,5.62
414,415,3.5,13.12,7.1
414,731,3.5,9.6,6.29
414,735,3.5,1.91,3.54
415,414,3.5,13.12,7.1
415,416,3.5,18.46,8.67
415,727,3.5,12.73,7.8
415,733,3.5,5.27,6.01
416,415,3.5,18.46,8.67
416,417,3.5,16.78,8.15
416,726,2,6.14,4.54
416,732,2,11.85,8.28
417,416,3.5,16.78,8.15
417,732,3.5,24.59,12.84
417,913,3.5,9.38,6.45
417,926,3.5,19.56,9.29
418,419,5,16.52,8.27
418,921,2,7.01,6.86
418,922,2,12.76,7.77
418,923,5,31.18,11.98
419,418,5,16.52,8.27
419,420,5,14.44,7.47
419,739,1.5,10.24,8.07
419,743,1.5,4.88,4.44
420,419,5,14.44,7.47
420,421,5,8.91,6.29
420,751,3,7.5,5.57
420,752,3,2.72,4.68
421,420,5,8.91,6.29
421,422,5,9.76,6.53
421,753,2,4.42,3.94
421,754,2,5.51,5.86
422,421,5,9.76,6.53
422,423,5,8.43,6.11
422,762,1,1.83,3.87
422,766,1,9.15,6.61
423,422,5,8.43,6.11
423,424,5,9.3,6.43
423,764,1,2.09,3.6
423,767,1,10.49,7.08
424,423,5,9.3,6.43
424,425,5,9.2,6.31
424,773,1,2.05,4.3
424,777,1,9.99,6.72
425,424,5,9.2,6.31
425,426,5,4.61,4.71
425,775,2,4.43,5.62
425,779,2,5.21,4.48
426,425,5,4.61,4.71
426,427,3.5,2.86,4.11
426,441,5,13.21,7.82
427,426,3.5,2.86,4.11
427,428,3.5,9.73,6.5
427,594,7,2.23,4.43
427,779,7,7.72,5.65
428,427,3.5,9.73,6.5
428,429,3.5,2.05,3.78
428,431,5,2.86,4.04
429,428,3.5,2.05,3.78
429,430,3.5,1.8,3.63
429,593,6.5,3,5.39
429,778,6.5,7.19,5.77
430,429,3.5,1.8,3.63
431,428,5,2.86,4.04
431,432,5,9.66,6.52
431,593,4,2.05,4.27
431,597,4,7.29,5.91
432,431,5,9.66,6.52
432,433,5,7.14,5.62
432,595,4.5,5,6.16
432,599,4.5,4.69,4.33
433,432,5,7.14,5.62
433,434,5,6.04,5.35
433,616,9.5,8.4,6.4
433,617,9.5,2.29,4.5
434,433,5,6.04,5.35
434,435,5,7.82,6.07
434,618,9,9.51,7.12
434,619,9,1.91,3.65
435,434,5,7.82,6.07
435,436,5,5.36,4.92
435,552,4.5,3.93,3.89
435,554,4.5,5.28,6.93
436,435,5,5.36,4.92
436,437,5,8.27,6.08
436,496,9,2.86,4.02
437,436,5,8.27,6.08
437,438,5,11.4,7.14
437,554,4,3.11,3.62
437,556,4,9.96,10.18
438,437,5,11.4,7.14
438,439,5,6.59,5.4
438,535,6.5,21.27,11.17
438,536,5,5.58,5.11
438,540,3.5,4.52,4.68
439,438,5,6.59,5.4
439,440,5,6.95,5.53
439,614,6,7.01,5.72
439,615,6,2.33,4.94
440,439,5,6.95,5.53
440,441,5,7.32,5.63
440,612,2,7.01,5.64
440,613,2,2.59,4.88
441,426,5,13.21,7.82
441,440,5,7.32,5.63
441,591,6,5.61,6.19
441,596,6,3.93,3.72
442,443,3.5,11.79,6.59
442,898,0.5,18.75,9.49
442,899,0.5,4.63,5.78
442,929,3.5,98.65,9.31
443,442,3.5,11.79,6.59
443,444,3.5,13.59,7.45
443,897,0.5,3.03,4.3
443,898,0.5,11.46,6.98
444,443,3.5,13.59,7.45
444,445,3.5,16.29,8
445,444,3.5,16.29,8
445,446,3.5,20.43,9.27
445,885,1,14.21,9.37
445,886,1,4.93,4.05
446,445,3.5,20.43,9.27
446,447,3.5,18.86,8.78
446,858,8.5,4.26,5.41
446,859,8.5,14.23,8.21
447,446,3.5,18.86,8.78
447,448,3.5,12.97,6.98
447,848,4,11.44,8.59
447,849,4,6.49,4.87
448,447,3.5,12.97,6.98
448,449,5,8.97,6.28
448,664,3.5,8.26,5.78
448,665,3.5,1.97,4.17
449,448,5,8.97,6.28
449,450,5,5.49,5
449,662,2,7.9,5.91
449,663,2,2.05,4.41
450,449,5,5.49,5
450,451,5,3.93,4.44
450,453,5,12.17,7.56
450,508,5,10.56,6.8
451,450,5,3.93,4.44
451,452,5,6,5.18
451,654,5,6.02,4.81
451,655,5,3.68,5.48
452,451,5,6,5.18
452,525,5,6.47,5.32
452,652,7,6.49,5.17
452,654,7,3.4,5.28
453,450,5,12.17,7.56
453,454,3.5,27.4,13.2
453,650,0.5,7.86,5.82
453,841,0.5,2.23,4.48
454,453,3.5,27.4,13.2
454,455,3.5,9,6.23
454,838,3,5.96,4.93
454,840,3,3.61,5.45
455,454,3.5,9,6.23
455,456,3.5,8.79,5.7
455,833,3,6.44,5.7
455,835,3,3.55,5.85
456,455,3.5,8.79,5.7
456,457,3.5,9.55,5.93
456,834,5.5,5.91,5.01
456,836,5.5,3.4,5.41
457,456,3.5,9.55,5.93
457,458,3.5,4.75,4.5
457,829,1,9.15,6.65
457,831,1,2.05,3.72
458,457,3.5,4.75,4.5
458,459,5,4.11,4.43
458,467,3.5,16.85,8.17
458,468,3.5,9.27,5.91
459,458,5,4.11,4.43
459,460,3.5,15.14,7.66
459,832,2,3.82,4.27
459,845,2,10.91,10.72
460,459,3.5,15.14,7.66
460,461,3.5,20.35,9.3
460,872,3.5,14.42,8.86
460,875,3.5,3.3,5.21
461,460,3.5,20.35,9.3
461,462,3.5,17.39,8.39
461,874,2,7.29,5.35
461,877,2,11.81,8.87
462,461,3.5,17.39,8.39
462,873,1.5,9.78,6.45
462,876,1.5,8.22,7.35
462,927,3.5,23.18,10.78
463,464,3.5,12.49,6.9
463,928,3.5,49.96,18.9
464,463,3.5,12.49,6.9
464,465,3.5,23.42,10.21
464,883,2,8.36,6.92
464,884,2,10.08,6.18
465,464,3.5,23.42,10.21
465,466,3.5,18.01,8.74
465,862,3.5,13.42,7.5
465,881,3.5,4.63,5.48
466,465,3.5,18.01,8.74
466,467,3.5,17.21,8.33
466,855,5,6.31,4.67
466,862,5,11.92,8.4
467,458,3.5,16.85,8.17
467,466,3.5,17.21,8.33
467,845,2.5,6.61,5.09
467,855,2.5,11.38,8.88
468,458,3.5,9.27,5.91
468,469,3.5,9.55,5.92
468,829,2.5,5,4.33
468,830,2.5,4.52,5.85
469,468,3.5,9.55,5.92
469,470,3.5,8.83,5.73
469,819,3,1.98,3.34
469,824,3,10.62,7.01
470,469,3.5,8.83,5.73
470,471,3.5,12.43,7.12
470,817,1,1.84,3.74
470,822,1,9.59,6.36
471,470,3.5,12.43,7.12
471,472,3.5,9.52,5.92
471,815,3,9.73,6.84
471,816,3,1.97,3.61
472,471,3.5,9.52,5.92
472,473,5,4.67,4.75
472,813,3,5.61,4.39
472,815,3,4.34,5.22
473,472,5,4.67,4.75
473,474,5,8.97,6.23
473,475,5,8.77,6.17
473,707,1,11.56,7.39
473,813,1,2.23,4.44
474,473,5,8.97,6.23
474,538,5,8.97,6.32
474,701,3.5,2.46,4.73
474,706,3.5,7.24,5.45
475,473,5,8.77,6.17
475,476,5,4.59,4.68
475,706,3.5,7.56,6.08
475,707,3.5,3.53,4.74
476,475,5,4.59,4.68
476,477,5,10.15,6.71
476,705,3.5,6.85,5.02
476,707,3.5,3.55,5.79
477,476,5,10.15,6.71
477,478,6.5,6.89,5.53
477,503,6.5,2.38,3.88
477,504,6.5,2.62,3.95
478,477,6.5,6.89,5.53
478,479,6.5,9.06,6.24
478,633,5.5,5.91,4.91
478,703,5.5,3.94,5.69
479,478,6.5,9.06,6.24
479,480,6.5,3.52,4.32
479,629,3,6.71,5.12
479,693,3,2.89,4.88
480,479,6.5,3.52,4.32
480,481,5,3.88,4.41
480,483,5,4.58,4.68
480,484,5,5.4,5.13
480,486,6.5,5.68,5.03
481,480,5,3.88,4.41
481,482,5,1.46,3.54
481,483,6.5,3.3,4.67
481,691,6.5,6.93,5.42
482,481,5,1.46,3.54
483,480,5,4.58,4.68
483,481,6.5,3.3,4.67
483,539,5,9.23,6.33
483,693,6.5,2.05,3.5
484,480,5,5.4,5.13
484,485,5,8.97,6.26
484,627,6,5.21,4.98
484,629,6,4.59,6.65
485,484,5,8.97,6.26
485,489,5,7.32,5.66
485,626,6.5,5.27,4.68
485,628,6.5,4.09,5.84
486,480,6.5,5.68,5.03
486,535,6.5,0.75,3.29
486,627,6.5,6.31,5.22
486,691,6.5,3.2,5.4
487,488,5,7.21,5.65
487,535,6.5,10.49,7.12
487,681,3,4.93,4.36
487,682,3,4.52,6.04
488,405,5,2.86,4.01
488,487,5,7.21,5.65
488,680,2.5,6.89,5.97
488,682,2.5,3.05,5.77
489,485,5,7.32,5.66
489,490,6.5,2.93,4.06
489,630,3.5,5.18,5.68
489,631,3.5,5.31,7.23
490,489,6.5,2.93,4.06
490,491,6.5,7.2,5.61
490,557,5,7.31,6.59
490,631,5,3.6,6.8
491,490,6.5,7.2,5.61
491,492,6.5,7.9,5.84
491,558,6.5,7.04,6.2
491,559,6.5,2.21,3.6
492,491,6.5,7.9,5.84
492,493,6.5,2.98,4.37
492,561,9,6.59,6.09
492,562,9,2.21,3.49
493,492,6.5,2.98,4.37
493,494,6.5,5.73,5.24
493,497,6.5,4.22,4.94
493,562,14.5,1.73,4.26
493,564,14.5,5.48,4.37
494,493,6.5,5.73,5.24
494,495,9,7.76,5.81
494,561,10,2.02,4
494,563,10,6.61,5.33
495,494,9,7.76,5.81
495,496,9,7.12,5.56
495,551,7,9.81,7.69
495,560,7,1.84,3.94
496,436,9,2.86,4.02
496,495,9,7.12,5.56
496,553,6,4.41,4.3
496,556,6,2.95,6.71
497,493,6.5,4.22,4.94
497,498,6.5,1.74,3.66
498,497,6.5,1.74,3.66
498,499,5,3.77,4.34
498,533,6.5,3.68,4.61
499,498,5,3.77,4.34
499,500,5,7.82,5.84
499,567,12.5,4.58,4.56
499,569,12.5,3.15,5.32
500,499,5,7.82,5.84
500,501,5,9.92,6.61
500,566,4.5,4.63,4.82
500,570,4.5,2.01,4.36
501,500,5,9.92,6.61
501,502,5,9.58,6.49
501,571,5.5,3.37,5.49
501,636,5.5,3.2,3.62
502,501,5,9.58,6.49
502,503,6.5,9.99,6.87
502,632,1.5,4.93,4.67
502,634,1.5,4.76,6.91
503,477,6.5,2.38,3.88
503,502,6.5,9.99,6.87
503,504,7,1.1,3.52
503,633,7,9.15,6.5
504,477,6.5,2.62,3.95
504,503,7,1.1,3.52
504,505,6.5,9.69,6.51
504,635,7,2.13,3.45
505,504,6.5,9.69,6.51
505,506,6.5,6.7,5.42
505,634,6,5.38,4.48
505,639,6,4.18,5.42
506,505,6.5,6.7,5.42
506,507,5,10.74,6.92
506,639,5,2.59,4.8
506,644,5,7.24,5.59
507,506,5,10.74,6.92
507,508,5,21.22,10.86
507,578,1.5,15.47,11.09
507,646,1.5,0.82,4.51
508,450,5,10.56,6.8
508,507,5,21.22,10.86
508,509,5,5.68,5.41
509,508,5,5.68,5.41
509,510,5,8.97,6.24
509,659,5,3.3,3.59
509,667,5,6.49,8.05
510,509,5,8.97,6.24
510,511,5,0.73,3.3
510,658,4,3.15,3.37
510,666,4,6.66,7.08
511,510,5,0.73,3.3
511,512,5,6.22,5.21
511,521,5,8.6,6.12
511,522,5,12.82,7.7
512,511,5,6.22,5.21
512,513,5,10.29,6.73
512,661,2,3.3,3.58
512,670,2,10.26,10.48
513,512,5,10.29,6.73
513,514,5,14.66,8.31
513,902,3.5,9.42,6.59
513,905,3.5,17.69,12.12
514,513,5,14.66,8.31
514,515,5,12.08,7.43
514,903,3,7.69,5.61
514,905,3,20.15,14.2
515,514,5,12.08,7.43
515,516,5,15.86,8.77
515,534,3.5,4.49,4.61
515,544,3.5,0.92,3.29
515,932,5,31.33,8.93
516,515,5,15.86,8.77
516,517,3.5,19.76,9.07
516,903,6,21.64,11.96
516,906,6,3.36,4.62
517,516,3.5,19.76,9.07
517,518,3.5,21.57,9.64
517,908,2.5,4.93,5.55
517,909,2.5,12.94,7.39
518,517,3.5,21.57,9.64
518,911,3.5,10.88,8.26
518,912,3.5,6.5,4.64
518,930,3.5,115.07,12.32
519,520,5,2.05,3.75
519,521,5,7.52,5.72
519,668,2,1.07,3.64
519,670,2,9.63,6.14
520,519,5,2.05,3.75
521,511,5,8.6,6.12
521,519,5,7.52,5.72
521,666,1.5,2.38,3.55
521,670,1.5,8.18,6.93
522,511,5,12.82,7.7
522,523,5,17.11,10.31
523,522,5,17.11,10.31
523,530,5,6.22,5.24
523,545,5,0.18,3.12
524,525,5,8.83,6.24
524,545,5,11.15,7.42
524,578,5.5,8.24,7.67
524,647,5.5,2.41,4.58
525,452,5,6.47,5.32
525,524,5,8.83,6.24
525,652,5,3.2,5.57
525,657,5,6.71,5.51
526,527,3.5,16.11,9.01
526,528,5,25.78,12.84
526,541,3.5,1.32,3.44
526,546,3.5,8.81,6.23
527,526,3.5,16.11,9.01
527,542,3.5,1.84,3.65
527,543,3.5,10.99,6.97
527,546,3.5,9.74,7.24
528,526,5,25.78,12.84
528,529,6.5,3.92,4.43
528,573,4,7.17,8.67
528,575,4,3.44,3.88
529,528,6.5,3.92,4.43
529,530,6.5,5.68,5.05
529,531,6.5,3.37,4.22
530,523,5,6.22,5.24
530,529,6.5,5.68,5.05
530,575,5,7.55,5.74
530,577,5,2.46,5.81
531,529,6.5,3.37,4.22
531,532,6.5,4.21,4.65
531,573,3.5,2.23,6.42
531,574,3.5,6.75,5.95
532,531,6.5,4.21,4.65
532,533,6.5,3.66,4.51
532,569,5,4.37,5.95
532,574,5,5.13,5.23
533,498,6.5,3.68,4.61
533,532,6.5,3.66,4.51
533,568,5,4.47,4.26
533,569,5,2.56,5.98
534,515,3.5,4.49,4.61
534,543,3.5,8.87,6.31
534,933,3.5,18.32,8.96
535,438,6.5,21.27,11.17
535,486,6.5,0.75,3.29
535,487,6.5,10.49,7.12
536,438,5,5.58,5.11
536,537,5,8.84,6.23
536,615,2,5.24,4.52
537,399,5,11.8,7.28
537,536,5,8.84,6.23
537,608,5.5,8.08,6.31
537,610,5.5,1.87,3.81
538,409,5,4.22,4.47
538,474,5,8.97,6.32
538,699,8,2.13,3.45
538,704,8,10.12,7.18
539,409,5,7.66,5.86
539,483,5,9.23,6.33
539,694,5,3.45,3.62
539,704,5,6.43,7.88
540,438,3.5,4.52,4.68
540,583,3,2.23,3.56
540,622,3,6.14,4.75
541,526,3.5,1.32,3.44
541,582,2.5,8.74,8.76
541,902,2.5,11.32,11.02
542,527,3.5,1.84,3.65
542,902,10.5,6.5,7.21
542,903,10.5,12.64,9.14
543,527,3.5,10.99,6.97
543,534,3.5,8.87,6.31
543,903,3.5,2.72,4.4
544,515,3.5,0.92,3.29
544,903,5,9.85,8.39
544,904,5,7.56,6.25
545,523,5,0.18,3.12
545,524,5,11.15,7.42
545,577,4,5.51,6.61
545,580,4,3.31,4.5
546,526,3.5,8.81,6.23
546,527,3.5,9.74,7.24
547,1,49.5,2.59,3
547,548,3,4.01,6.26
547,549,4.5,7.15,7.89
547,621,5.5,4.75,5.89
548,2,49.5,2.59,3
548,547,3,4.01,6.26
548,550,7,8.18,8.81
548,552,3,7.31,7.49
548,618,7.5,5.86,6.52
549,3,49.5,2.59,3
549,547,4.5,7.15,7.89
549,550,5,4.72,6.28
549,551,15.5,9.33,7.21
550,4,49.5,2.59,3
550,548,7,8.18,8.81
550,549,5,4.72,6.28
550,551,7,8.56,8.18
550,552,2,9.8,10.77
550,553,3.5,5.54,6.92
550,560,3.5,7.86,8.4
551,5,49.5,2.59,3
551,495,7,9.81,7.69
551,549,15.5,9.33,7.21
551,550,7,8.56,8.18
551,563,20,6.66,6.08
552,6,49.5,2.59,3
552,435,4.5,3.93,3.89
552,548,3,7.31,7.49
552,550,2,9.8,10.77
552,553,8.5,6.63,7.56
552,618,5,7.95,7.34
552,619,9.5,9.26,7.8
553,7,49.5,2.59,3
553,496,6,4.41,4.3
553,550,3.5,5.54,6.92
553,552,8.5,6.63,7.56
553,560,7.5,6.49,6.97
554,8,49.5,2.59,3
554,435,4.5,5.28,6.93
554,437,4,3.11,3.62
554,614,3.5,9.07,8.04
554,619,2.5,8.4,7.97
554,622,2,11.2,8.79
554,625,7,5.53,6.39
555,9,49.5,2.59,3
555,556,7.5,9.19,9.36
555,622,4.5,9.41,7.89
555,624,5.5,4.83,5.68
555,625,13.5,3.31,4.58
556,10,49.5,2.59,3
556,437,4,9.96,10.18
556,496,6,2.95,6.71
556,555,7.5,9.19,9.36
556,557,6.5,8.61,8.92
556,560,4.5,7.9,8.63
556,624,1,11.56,12.28
557,11,49.5,2.59,3
557,490,5,7.31,6.59
557,556,6.5,8.61,8.92
557,558,5,5.6,6.99
557,559,5.5,8.09,8.64
557,624,2,13.35,12.25
557,630,8.5,5.15,6.75
558,12,49.5,2.59,3
558,491,6.5,7.04,6.2
558,557,5,5.6,6.99
558,560,4,5.96,7.03
558,561,10,6.96,7.26
559,13,49.5,2.59,3
559,491,6.5,2.21,3.6
559,557,5.5,8.09,8.64
559,562,12,7.9,8.66
559,566,7.5,6.42,7.58
559,631,5,9.8,9.1
560,14,49.5,2.59,3
560,495,7,1.84,3.94
560,550,3.5,7.86,8.4
560,553,7.5,6.49,6.97
560,556,4.5,7.9,8.63
560,558,4,5.96,7.03
560,561,11,7.38,7.38
561,15,49.5,2.59,3
561,492,9,6.59,6.09
561,494,10,2.02,4
561,558,10,6.96,7.26
561,560,11,7.38,7.38
562,16,49.5,2.59,3
562,492,9,2.21,3.49
562,493,14.5,1.73,4.26
562,559,12,7.9,8.66
562,563,0.5,7.13,8.61
562,567,12,4.41,6.21
563,17,49.5,2.59,3
563,494,10,6.61,5.33
563,551,20,6.66,6.08
563,562,0.5,7.13,8.61
563,564,24,4.53,5.14
564,18,49.5,2.59,3
564,493,14.5,5.48,4.37
564,563,24,4.53,5.14
564,565,14,4.45,5.16
565,19,49.5,2.59,3
565,564,14,4.45,5.16
565,568,12,4.61,5.08
565,569,6.5,9.12,9.55
566,20,49.5,2.59,3
566,500,4.5,4.63,4.82
566,559,7.5,6.42,7.58
566,567,5,7.65,8.43
566,631,2,8.67,10.28
567,21,49.5,2.59,3
567,499,12.5,4.58,4.56
567,562,12,4.41,6.21
567,566,5,7.65,8.43
568,22,49.5,2.59,3
568,533,5,4.47,4.26
568,565,12,4.61,5.08
568,574,17.5,6.17,6.08
569,23,49.5,2.59,3
569,499,12.5,3.15,5.32
569,532,5,4.37,5.95
569,533,5,2.56,5.98
569,565,6.5,9.12,9.55
569,570,9,7.92,8.59
569,572,3.5,11.16,10.9
569,573,6,9.17,8.09
570,24,49.5,2.59,3
570,500,4.5,2.01,4.36
570,569,9,7.92,8.59
570,571,3,10.51,9.49
570,572,5.5,7.52,8.31
571,25,49.5,2.59,3
571,501,5.5,3.37,5.49
571,570,3,10.51,9.49
571,572,6,9.27,8.79
571,631,2,11.54,9.73
571,632,2.5,9.68,10.76
571,634,2,11.32,9.3
571,637,3.5,6.43,7.49
572,26,49.5,2.59,3
572,569,3.5,11.16,10.9
572,570,5.5,7.52,8.31
572,571,6,9.27,8.79
572,573,6.5,7.9,7.91
572,576,8.5,7.14,7.2
572,637,2.5,10.89,9.45
573,27,49.5,2.59,3
573,528,4,7.17,8.67
573,531,3.5,2.23,6.42
573,569,6,9.17,8.09
573,572,6.5,7.9,7.91
573,577,6.5,8.81,7.91
574,28,49.5,2.59,3
574,531,3.5,6.75,5.95
574,532,5,5.13,5.23
574,568,17.5,6.17,6.08
574,575,16,8.79,7.87
575,29,49.5,2.59,3
575,528,4,3.44,3.88
575,530,5,7.55,5.74
575,574,16,8.79,7.87
575,580,4,10.96,9.05
575,581,15,7.87,7.12
576,30,49.5,2.59,3
576,572,8.5,7.14,7.2
576,577,2,9.1,9.38
576,578,2,10.33,9.34
576,637,4,9.77,8.8
576,643,3,4.97,6.53
577,31,49.5,2.59,3
577,530,5,2.46,5.81
577,545,4,5.51,6.61
577,573,6.5,8.81,7.91
577,576,2,9.1,9.38
577,578,8,7.54,7.63
578,32,49.5,2.59,3
578,507,1.5,15.47,11.09
578,524,5.5,8.24,7.67
578,576,2,10.33,9.34
578,577,8,7.54,7.63
578,579,2,10.56,10.28
578,580,2.5,9.15,9.38
578,643,12,6.96,6.79
578,645,6,9.45,8.85
579,33,49.5,2.59,3
579,578,2,10.56,10.28
579,580,7.5,7.69,7.25
579,582,1.5,10.26,8.09
579,647,5.5,6.8,6.52
579,656,3,10.48,9.63
580,34,49.5,2.59,3
580,545,4,3.31,4.5
580,575,4,10.96,9.05
580,578,2.5,9.15,9.38
580,579,7.5,7.69,7.25
580,581,1,10.96,12.79
580,582,3.5,10.89,9.48
581,35,49.5,2.59,3
581,575,15,7.87,7.12
581,580,1,10.96,12.79
581,582,7.5,10.99,9.8
582,36,49.5,2.59,3
582,541,2.5,8.74,8.76
582,579,1.5,10.26,8.09
582,580,3.5,10.89,9.48
582,581,7.5,10.99,9.8
582,660,3.5,12.22,8.88
583,37,49.5,2.59,3
583,540,3,2.23,3.56
584,38,49.5,2.59,3
584,394,0.5,14.32,7.97
584,395,3.5,11.62,6.88
584,586,4,13.25,9.15
584,588,2.5,13.67,9.06
584,605,1.5,15.74,11.07
584,710,1,14.13,8.72
584,712,2,14.12,10.48
584,768,5,17.93,13.1
584,808,0.5,18.81,13.6
585,39,49.5,2.59,3
585,401,6,3,4.7
585,586,3,9.15,7.01
585,587,6,8.78,7.63
585,771,3,9.15,6.88
586,40,49.5,2.59,3
586,584,4,13.25,9.15
586,585,3,9.15,7.01
586,588,5.5,8.79,7.44
586,772,3,8.6,6.83
587,41,49.5,2.59,3
587,400,0.5,3.03,3.88
587,585,6,8.78,7.63
587,588,6,8.97,7.73
587,592,6.5,8.61,8.37
587,604,3.5,8.68,7.12
588,42,49.5,2.59,3
588,397,3,7.5,6.02
588,584,2.5,13.67,9.06
588,586,5.5,8.79,7.44
588,587,6,8.97,7.73
589,43,49.5,2.59,3
589,590,4.5,8.97,7.48
589,591,5.5,8.6,6.67
589,594,1.5,8.79,7.18
589,775,2.5,9.52,7.97
590,44,49.5,2.59,3
590,401,6,6.66,4.81
590,589,4.5,8.97,7.48
590,592,10,9.15,7.28
590,776,7.5,9.33,7.76
591,45,49.5,2.59,3
591,441,6,5.61,6.19
591,589,5.5,8.6,6.67
591,592,5.5,9.16,7.61
591,608,3.5,8.98,8.22
591,613,5,8.18,6.78
592,46,49.5,2.59,3
592,587,6.5,8.61,8.37
592,590,10,9.15,7.28
592,591,5.5,9.16,7.61
592,608,4,8.29,7.37
592,609,2.5,8.44,8.04
593,47,49.5,2.59,3
593,429,6.5,3,5.39
593,431,4,2.05,4.27
593,594,6.5,8.78,7.54
593,595,3.5,8.79,7.19
594,48,49.5,2.59,3
594,427,7,2.23,4.43
594,589,1.5,8.79,7.18
594,593,6.5,8.78,7.54
594,596,3,8.78,7.63
595,49,49.5,2.59,3
595,432,4.5,5,6.16
595,593,3.5,8.79,7.19
595,596,3.5,8.6,7.09
595,612,1.5,8.94,10.06
595,617,2,8.02,7.67
596,50,49.5,2.59,3
596,441,6,3.93,3.72
596,594,3,8.78,7.63
596,595,3.5,8.6,7.09
596,612,3,8.1,7.23
596,613,0.5,8.94,9.09
597,51,49.5,2.59,3
597,431,4,7.29,5.91
597,599,3.5,8.7,7.53
597,778,0.5,12.41,13.6
598,52,49.5,2.59,3
598,599,6.5,7.72,7.25
598,616,2.5,6.34,7.51
598,620,3.5,5.57,6.95
599,53,49.5,2.59,3
599,432,4.5,4.69,4.33
599,597,3.5,8.7,7.53
599,598,6.5,7.72,7.25
599,616,3,8.19,8.88
599,617,1.5,8.6,7.54
600,54,49.5,2.59,3
600,395,3.5,2.49,4.36
600,601,1.5,9.16,6.74
600,602,6,7.87,6.32
600,605,5,8.6,6.66
601,55,49.5,2.59,3
601,394,0.5,1.69,4.75
601,600,1.5,9.16,6.74
601,603,1.5,7.5,6.9
601,716,3,8.78,8.17
602,56,49.5,2.59,3
602,600,6,7.87,6.32
602,603,4,9.15,6.82
602,607,3,8.62,7.53
602,671,3.5,8.61,7.72
603,57,49.5,2.59,3
603,601,1.5,7.5,6.9
603,602,4,9.15,6.82
603,672,2,9.15,6.78
603,718,1,8.97,6.99
604,58,49.5,2.59,3
604,397,3,3.31,4.28
604,399,7,5.1,6.32
604,587,3.5,8.68,7.12
604,605,3.5,8.61,7.09
604,606,3.5,7.5,6.71
605,59,49.5,2.59,3
605,584,1.5,15.74,11.07
605,600,5,8.6,6.66
605,604,3.5,8.61,7.09
605,607,2,7.5,8.5
606,60,49.5,2.59,3
606,403,1.5,3.61,5.84
606,604,3.5,7.5,6.71
606,607,3.5,8.61,7.09
606,675,3.5,9.34,9.4
607,61,49.5,2.59,3
607,602,3,8.62,7.53
607,605,2,7.5,8.5
607,606,3.5,8.61,7.09
607,676,0.5,9.33,9.87
608,62,49.5,2.59,3
608,537,5.5,8.08,6.31
608,591,3.5,8.98,8.22
608,592,4,8.29,7.37
608,609,6.5,8.42,7.42
608,613,4.5,8.6,7.3
609,63,49.5,2.59,3
609,399,7,4.09,3.88
609,400,0.5,7.52,9.72
609,592,2.5,8.44,8.04
609,608,6.5,8.42,7.42
609,611,3,7.51,6.81
610,64,49.5,2.59,3
610,537,5.5,1.87,3.81
610,611,6.5,8.24,6.73
610,615,8.5,8.8,7.19
610,679,6.5,9.15,7.77
611,65,49.5,2.59,3
611,403,1.5,5.79,5.07
611,609,3,7.51,6.81
611,610,6.5,8.24,6.73
611,680,4.5,8.79,7.34
612,66,49.5,2.59,3
612,440,2,7.01,5.64
612,595,1.5,8.94,10.06
612,596,3,8.1,7.23
612,614,5.5,6.95,7.27
612,617,5,8.79,7.39
613,67,49.5,2.59,3
613,440,2,2.59,4.88
613,591,5,8.18,6.78
613,596,0.5,8.94,9.09
613,608,4.5,8.6,7.3
613,615,10,7.14,6.61
614,68,49.5,2.59,3
614,439,6,7.01,5.72
614,554,3.5,9.07,8.04
614,612,5.5,6.95,7.27
614,619,3.5,9.03,8.65
614,622,4,10.24,9.06
615,69,49.5,2.59,3
615,439,6,2.33,4.94
615,536,2,5.24,4.52
615,610,8.5,8.8,7.19
615,613,10,7.14,6.61
615,622,4,9.45,8.03
616,70,49.5,2.59,3
616,433,9.5,8.4,6.4
616,598,2.5,6.34,7.51
616,599,3,8.19,8.88
616,618,6.5,5.68,6.18
616,620,5.5,5.68,6.79
617,71,49.5,2.59,3
617,433,9.5,2.29,4.5
617,595,2,8.02,7.67
617,599,1.5,8.6,7.54
617,612,5,8.79,7.39
617,619,10.5,6.04,6.36
618,72,49.5,2.59,3
618,434,9,9.51,7.12
618,548,7.5,5.86,6.52
618,552,5,7.95,7.34
618,616,6.5,5.68,6.18
618,621,3.5,6.26,6.88
619,73,49.5,2.59,3
619,434,9,1.91,3.65
619,552,9.5,9.26,7.8
619,554,2.5,8.4,7.97
619,614,3.5,9.03,8.65
619,617,10.5,6.04,6.36
620,74,49.5,2.59,3
620,598,3.5,5.57,6.95
620,616,5.5,5.68,6.79
620,621,3,4.21,5.61
621,75,49.5,2.59,3
621,547,5.5,4.75,5.89
621,618,3.5,6.26,6.88
621,620,3,4.21,5.61
622,76,49.5,2.59,3
622,540,3,6.14,4.75
622,554,2,11.2,8.79
622,555,4.5,9.41,7.89
622,614,4,10.24,9.06
622,615,4,9.45,8.03
622,623,3.5,9.69,8.02
622,625,2.5,8.22,7.8
623,77,49.5,2.59,3
623,622,3.5,9.69,8.02
623,624,6.5,8.83,9.26
623,627,5.5,9.15,7.83
623,681,4,8.63,7.31
624,78,49.5,2.59,3
624,555,5.5,4.83,5.68
624,556,1,11.56,12.28
624,557,2,13.35,12.25
624,623,6.5,8.83,9.26
624,626,9.5,8.07,7.43
625,79,49.5,2.59,3
625,554,7,5.53,6.39
625,555,13.5,3.31,4.58
625,622,2.5,8.22,7.8
626,80,49.5,2.59,3
626,485,6.5,5.27,4.68
626,624,9.5,8.07,7.43
626,627,13,9.15,8.1
626,630,11,6.22,7.32
627,81,49.5,2.59,3
627,484,6,5.21,4.98
627,486,6.5,6.31,5.22
627,623,5.5,9.15,7.83
627,626,13,9.15,8.1
628,82,49.5,2.59,3
628,485,6.5,4.09,5.84
628,629,6,8.62,7.78
628,631,6.5,9.33,9.55
628,632,5,8.98,7.99
629,83,49.5,2.59,3
629,479,3,6.71,5.12
629,484,6,4.59,6.65
629,628,6,8.62,7.78
629,633,6,8.79,7.89
630,84,49.5,2.59,3
630,489,3.5,5.18,5.68
630,557,8.5,5.15,6.75
630,626,11,6.22,7.32
631,85,49.5,2.59,3
631,489,3.5,5.31,7.23
631,490,5,3.6,6.8
631,559,5,9.8,9.1
631,566,2,8.67,10.28
631,571,2,11.54,9.73
631,628,6.5,9.33,9.55
631,636,6.5,6.6,7.37
632,86,49.5,2.59,3
632,502,1.5,4.93,4.67
632,571,2.5,9.68,10.76
632,628,5,8.98,7.99
632,633,8,8.79,7.53
632,636,2.5,8.75,7.17
633,87,49.5,2.59,3
633,478,5.5,5.91,4.91
633,503,7,9.15,6.5
633,629,6,8.79,7.89
633,632,8,8.79,7.53
634,88,49.5,2.59,3
634,502,1.5,4.76,6.91
634,505,6,5.38,4.48
634,571,2,11.32,9.3
634,635,3.5,8.79,6.86
634,637,4.5,8.78,8.42
635,89,49.5,2.59,3
635,504,7,2.13,3.45
635,634,3.5,8.79,6.86
635,640,1,8.79,6.64
635,705,5.5,8.78,7.23
636,90,49.5,2.59,3
636,501,5.5,3.2,3.62
636,631,6.5,6.6,7.37
636,632,2.5,8.75,7.17
637,91,49.5,2.59,3
637,571,3.5,6.43,7.49
637,572,2.5,10.89,9.45
637,576,4,9.77,8.8
637,634,4.5,8.78,8.42
637,644,5,8.61,7.49
638,92,49.5,2.59,3
638,640,1.5,16.44,9.63
638,642,3,13.42,8.44
638,707,2.5,9.73,7.12
638,815,2,13.18,8.72
638,825,1,9.1,6.63
638,826,1.5,9,7.8
639,93,49.5,2.59,3
639,505,6,4.18,5.42
639,506,5,2.59,4.8
639,640,3,8.79,6.51
639,641,8.5,9.15,7.75
640,94,49.5,2.59,3
640,635,1,8.79,6.64
640,638,1.5,16.44,9.63
640,639,3,8.79,6.51
640,642,2,8.79,7.39
641,95,49.5,2.59,3
641,639,8.5,9.15,7.75
641,642,6.5,8.6,6.55
641,646,7,8.79,6.9
641,648,0.5,8.97,7.68
642,96,49.5,2.59,3
642,638,3,13.42,8.44
642,640,2,8.79,7.39
642,641,6.5,8.6,6.55
642,649,2,9.16,7.29
643,97,49.5,2.59,3
643,576,3,4.97,6.53
643,578,12,6.96,6.79
643,644,8,8.72,7.93
644,98,49.5,2.59,3
644,506,5,7.24,5.59
644,637,5,8.61,7.49
644,643,8,8.72,7.93
644,646,5.5,8.97,8.23
645,99,49.5,2.59,3
645,578,6,9.45,8.85
645,646,6,9.3,7.42
645,647,10,7.52,6.97
645,652,10,7.15,6.82
646,100,49.5,2.59,3
646,507,1.5,0.82,4.51
646,641,7,8.79,6.9
646,644,5.5,8.97,8.23
646,645,6,9.3,7.42
646,653,4.5,8.79,7.14
647,101,49.5,2.59,3
647,524,5.5,2.41,4.58
647,579,5.5,6.8,6.52
647,645,10,7.52,6.97
647,657,3.5,6.54,6.63
648,102,49.5,2.59,3
648,641,0.5,8.97,7.68
648,649,3,8.42,7.48
648,650,3.5,8.8,6.99
648,653,5,8.98,6.95
649,103,49.5,2.59,3
649,642,2,9.16,7.29
649,648,3,8.42,7.48
649,651,2,8.79,6.9
649,825,1.5,9.15,7.01
650,104,49.5,2.59,3
650,453,0.5,7.86,5.82
650,648,3.5,8.8,6.99
650,651,2.5,9.15,7.35
650,655,3,8.78,7.94
651,105,49.5,2.59,3
651,649,2,8.79,6.9
651,650,2.5,9.15,7.35
651,827,1,8.79,6.99
651,842,2,8.8,7.5
652,106,49.5,2.59,3
652,452,7,6.49,5.17
652,525,5,3.2,5.57
652,645,10,7.15,6.82
652,653,4.5,9.15,7.29
653,107,49.5,2.59,3
653,646,4.5,8.79,7.14
653,648,5,8.98,6.95
653,652,4.5,9.15,7.29
653,655,2.5,9.34,7.81
654,108,49.5,2.59,3
654,451,5,6.02,4.81
654,452,7,3.4,5.28
654,659,5.5,9.15,7.81
654,662,5,9.15,7.35
655,109,49.5,2.59,3
655,451,5,3.68,5.48
655,650,3,8.78,7.94
655,653,2.5,9.34,7.81
655,663,6,8.8,7.39
656,110,49.5,2.59,3
656,579,3,10.48,9.63
656,657,7,8.97,8.64
656,658,4,9.15,7.75
656,660,3,6.95,6.83
657,111,49.5,2.59,3
657,525,5,6.71,5.51
657,647,3.5,6.54,6.63
657,656,7,8.97,8.64
657,659,15,9.52,8.22
658,112,49.5,2.59,3
658,510,4,3.15,3.37
658,656,4,9.15,7.75
658,659,5.5,8.97,8.56
658,661,6,6.96,6.63
659,113,49.5,2.59,3
659,509,5,3.3,3.59
659,654,5.5,9.15,7.81
659,657,15,9.52,8.22
659,658,5.5,8.97,8.56
660,114,49.5,2.59,3
660,582,3.5,12.22,8.88
660,656,3,6.95,6.83
660,661,5,8.97,7.61
660,902,4.5,10.42,9.04
661,115,49.5,2.59,3
661,512,2,3.3,3.58
661,658,6,6.96,6.63
661,660,5,8.97,7.61
661,902,3.5,11.24,10.95
662,116,49.5,2.59,3
662,449,2,7.9,5.91
662,654,5,9.15,7.35
662,664,4.5,8.97,6.79
662,667,2.5,8.97,8.39
663,117,49.5,2.59,3
663,449,2,2.05,4.41
663,655,6,8.8,7.39
663,665,2,8.97,7.29
663,841,3.5,9.15,7.16
664,118,49.5,2.59,3
664,448,3.5,8.26,5.78
664,662,4.5,8.97,6.79
664,669,5.5,8.79,6.84
664,849,5.5,13.37,8.88
665,119,49.5,2.59,3
665,448,3.5,1.97,4.17
665,663,2,8.97,7.29
665,843,2,8.78,6.73
665,849,1,13.73,9.48
666,120,49.5,2.59,3
666,510,4,6.66,7.08
666,521,1.5,2.38,3.55
666,667,2,8.97,7.68
666,668,3,8.79,7.18
667,121,49.5,2.59,3
667,509,5,6.49,8.05
667,662,2.5,8.97,8.39
667,666,2,8.97,7.68
667,669,7,8.79,7.32
668,122,49.5,2.59,3
668,519,2,1.07,3.64
668,666,3,8.79,7.18
668,669,3.5,8.97,7.75
668,850,4.5,8.97,6.84
669,123,49.5,2.59,3
669,664,5.5,8.79,6.84
669,667,7,8.79,7.32
669,668,3.5,8.97,7.75
669,851,5.5,8.79,7.62
670,124,49.5,2.59,3
670,512,2,10.26,10.48
670,519,2,9.63,6.14
670,521,1.5,8.18,6.93
670,854,0.5,17.75,13.3
670,902,0.5,20.79,13.3
670,905,1,14.17,13
671,125,49.5,2.59,3
671,602,3.5,8.61,7.72
671,672,2.5,8.62,6.66
671,673,4.5,8.97,6.99
671,676,3,8.97,6.91
672,126,49.5,2.59,3
672,603,2,9.15,6.78
672,671,2.5,8.62,6.66
672,674,2,8.97,6.99
672,722,1,8.61,6.58
673,127,49.5,2.59,3
673,671,4.5,8.97,6.99
673,674,3.5,9.17,6.83
673,678,4,8.6,6.66
673,683,3,9.34,7.27
674,128,49.5,2.59,3
674,672,2,8.97,6.99
674,673,3.5,9.17,6.83
674,684,1.5,8.78,7.29
674,724,2,8.78,7.5
675,129,49.5,2.59,3
675,404,5.5,4.63,6.14
675,606,3.5,9.34,9.4
675,676,5.5,8.24,7.32
675,677,4.5,8.43,7
676,130,49.5,2.59,3
676,607,0.5,9.33,9.87
676,671,3,8.97,6.91
676,675,5.5,8.24,7.32
676,678,3.5,8.6,7.09
677,131,49.5,2.59,3
677,406,3,2.46,5
677,675,4.5,8.43,7
677,678,5.5,8.62,7.53
677,687,8,9.15,7.37
678,132,49.5,2.59,3
678,673,4,8.6,6.66
678,676,3.5,8.6,7.09
678,677,5.5,8.62,7.53
678,688,7.5,8.97,7.18
679,133,49.5,2.59,3
679,610,6.5,9.15,7.77
679,680,3.5,6.59,6.4
679,681,4,9.15,7.69
680,134,49.5,2.59,3
680,404,5.5,4.83,4.27
680,488,2.5,6.89,5.97
680,611,4.5,8.79,7.34
680,679,3.5,6.59,6.4
681,135,49.5,2.59,3
681,487,3,4.93,4.36
681,623,4,8.63,7.31
681,679,4,9.15,7.69
681,691,12,8.6,7
682,136,49.5,2.59,3
682,406,3,6.61,5.45
682,487,3,4.52,6.04
682,488,2.5,3.05,5.77
682,692,8,8.98,7
683,137,49.5,2.59,3
683,673,3,9.34,7.27
683,684,2.5,8.78,7.5
683,685,4,8.42,6.73
683,688,3.5,8.98,7.19
684,138,49.5,2.59,3
684,674,1.5,8.78,7.29
684,683,2.5,8.78,7.5
684,728,3.5,8.79,6.91
685,139,49.5,2.59,3
685,411,6,8.76,6.04
685,683,4,8.42,6.73
685,686,1.5,8.43,6.5
685,690,4,9.15,6.82
686,140,49.5,2.59,3
686,685,1.5,8.43,6.5
686,730,1,8.79,6.91
687,141,49.5,2.59,3
687,407,6.5,2.46,4.71
687,677,8,9.15,7.37
687,688,6.5,8.43,7.42
687,689,7,8.78,8.02
688,142,49.5,2.59,3
688,678,7.5,8.97,7.18
688,683,3.5,8.98,7.19
688,687,6.5,8.43,7.42
688,690,5,8.97,8.32
689,143,49.5,2.59,3
689,408,2,3.15,5.19
689,687,7,8.78,8.02
689,690,3.5,8.44,7
689,699,1.5,9.33,7.83
690,144,49.5,2.59,3
690,410,2,8.44,5.9
690,685,4,9.15,6.82
690,688,5,8.97,8.32
690,689,3.5,8.44,7
691,145,49.5,2.59,3
691,481,6.5,6.93,5.42
691,486,6.5,3.2,5.4
691,681,12,8.6,7
691,692,8,8.25,7.22
692,146,49.5,2.59,3
692,407,6.5,7.37,5.47
692,682,8,8.98,7
692,691,8,8.25,7.22
692,694,5.5,8.79,8.17
693,147,49.5,2.59,3
693,479,3,2.89,4.88
693,483,6.5,2.05,3.5
693,694,4.5,8.97,7.28
693,703,2,9.15,8.13
694,148,49.5,2.59,3
694,408,2,6.31,5.11
694,539,5,3.45,3.62
694,692,5.5,8.79,8.17
694,693,4.5,8.97,7.28
695,149,49.5,2.59,3
695,411,6,1.91,4.04
695,696,8.5,8.97,6.99
695,697,4.5,8.79,7.63
695,700,10.5,8.97,8.5
696,150,49.5,2.59,3
696,695,8.5,8.97,6.99
696,698,5,9.15,7.31
696,734,1.5,8.43,7.2
697,151,49.5,2.59,3
697,695,4.5,8.79,7.63
697,698,4,8.97,6.95
697,702,5.5,8.97,6.97
697,809,2.5,8.97,6.95
698,152,49.5,2.59,3
698,696,5,9.15,7.31
698,697,4,8.97,6.95
698,736,4.5,8.6,7.32
698,810,2,8.6,7.67
699,153,49.5,2.59,3
699,538,8,2.13,3.45
699,689,1.5,9.33,7.83
699,700,5,8.6,7.09
699,701,5,8.6,6.66
700,154,49.5,2.59,3
700,410,2,1.91,4.09
700,695,10.5,8.97,8.5
700,699,5,8.6,7.09
700,702,4.5,9.15,8.1
701,155,49.5,2.59,3
701,474,3.5,2.46,4.73
701,699,5,8.6,6.66
701,702,2.5,8.62,6.44
701,813,2,8.79,7.43
702,156,49.5,2.59,3
702,697,5.5,8.97,6.97
702,700,4.5,9.15,8.1
702,701,2.5,8.62,6.44
702,814,3.5,8.79,7.55
703,157,49.5,2.59,3
703,478,5.5,3.94,5.69
703,693,2,9.15,8.13
703,704,7.5,8.6,7.29
703,705,3.5,8.24,7.18
704,158,49.5,2.59,3
704,538,8,10.12,7.18
704,539,5,6.43,7.88
704,703,7.5,8.6,7.29
704,706,8.5,8.6,7.55
705,159,49.5,2.59,3
705,476,3.5,6.85,5.02
705,635,5.5,8.78,7.23
705,703,3.5,8.24,7.18
705,706,5,8.79,7.14
706,160,49.5,2.59,3
706,474,3.5,7.24,5.45
706,475,3.5,7.56,6.08
706,704,8.5,8.6,7.55
706,705,5,8.79,7.14
707,161,49.5,2.59,3
707,473,1,11.56,7.39
707,475,3.5,3.53,4.74
707,476,3.5,3.55,5.79
707,638,2.5,9.73,7.12
708,162,49.5,2.59,3
708,388,2,5.44,5.9
708,709,3,17.57,9.96
708,714,4,17.45,9.99
708,913,3,50.2,23
709,163,49.5,2.59,3
709,391,3,3.81,3.53
709,708,3,17.57,9.96
709,711,1,13.95,8.49
709,713,2.5,13.77,8.92
709,803,2.5,18.3,10.69
710,164,49.5,2.59,3
710,584,1,14.13,8.72
710,712,3,8.6,8.11
710,806,2.5,8.6,6.52
711,165,49.5,2.59,3
711,709,1,13.95,8.49
711,713,1,9.15,7.09
711,807,2.5,8.24,6.19
712,166,49.5,2.59,3
712,393,3.5,8.13,5.62
712,584,2,14.12,10.48
712,710,3,8.6,8.11
712,713,1,9.15,7.28
713,167,49.5,2.59,3
713,392,1,5.03,4.05
713,709,2.5,13.77,8.92
713,711,1,9.15,7.09
713,712,1,9.15,7.28
713,716,2,10.01,9.77
714,168,49.5,2.59,3
714,708,4,17.45,9.99
714,715,4.5,17.02,9.66
714,720,3.5,17.39,9.95
714,913,3.5,34.16,16.6
715,169,49.5,2.59,3
715,391,3,14.15,9.36
715,714,4.5,17.02,9.66
715,717,2.5,13.5,8.36
715,719,1.5,13.55,8.28
715,721,2.5,17.02,9.62
716,170,49.5,2.59,3
716,393,3.5,1.84,4.87
716,601,3,8.78,8.17
716,713,2,10.01,9.77
716,717,4,8.61,7.09
716,718,7,7.87,7.45
717,171,49.5,2.59,3
717,392,1,4.81,5.98
717,715,2.5,13.5,8.36
717,716,4,8.61,7.09
717,719,1.5,7.5,6.9
718,172,49.5,2.59,3
718,603,1,8.97,6.99
718,716,7,7.87,7.45
718,719,1,8.42,6.73
718,722,2.5,9.17,6.79
719,173,49.5,2.59,3
719,715,1.5,13.55,8.28
719,717,1.5,7.5,6.9
719,718,1,8.42,6.73
719,723,2,8.97,6.95
720,174,49.5,2.59,3
720,714,3.5,17.39,9.95
720,721,4,16.84,9.58
720,726,3,17.75,10.07
720,913,3,23.26,12.25
721,175,49.5,2.59,3
721,715,2.5,17.02,9.62
721,720,4,16.84,9.58
721,723,1,13.66,8.41
721,725,2.5,14.14,8.5
721,727,3,17.57,10.03
722,176,49.5,2.59,3
722,672,1,8.61,6.58
722,718,2.5,9.17,6.79
722,723,2,8.97,7.28
722,724,1,8.61,7
723,177,49.5,2.59,3
723,719,2,8.97,6.95
723,721,1,13.66,8.41
723,722,2,8.97,7.28
723,725,2,9.33,7.08
724,178,49.5,2.59,3
724,674,2,8.78,7.5
724,722,1,8.61,7
724,725,3,8.44,7
724,728,4.5,8.97,6.74
725,179,49.5,2.59,3
725,721,2.5,14.14,8.5
725,723,2,9.33,7.08
725,724,3,8.44,7
725,729,4.5,8.78,7.39
726,180,49.5,2.59,3
726,416,2,6.14,4.54
726,720,3,17.75,10.07
726,727,4,17.21,9.74
726,913,4,22.6,12.38
727,181,49.5,2.59,3
727,415,3.5,12.73,7.8
727,721,3,17.57,10.03
727,726,4,17.21,9.74
727,729,1,13.5,8.71
727,731,2,13.56,8.26
728,182,49.5,2.59,3
728,684,3.5,8.79,6.91
728,724,4.5,8.97,6.74
728,729,5,8.43,7
728,730,3.5,8.79,7.18
729,183,49.5,2.59,3
729,725,4.5,8.78,7.39
729,727,1,13.5,8.71
729,728,5,8.43,7
729,731,4,8.61,7.3
730,184,49.5,2.59,3
730,413,4,9.51,6.35
730,686,1,8.79,6.91
730,728,3.5,8.79,7.18
730,731,3,8.97,7.49
731,185,49.5,2.59,3
731,414,3.5,9.6,6.29
731,727,2,13.56,8.26
731,729,4,8.61,7.3
731,730,3,8.97,7.49
732,186,49.5,2.59,3
732,416,2,11.85,8.28
732,417,3.5,24.59,12.84
732,733,3,17.39,9.82
732,864,4,18.67,10.94
733,187,49.5,2.59,3
733,415,3.5,5.27,6.01
733,732,3,17.39,9.82
733,735,1,13.5,8.96
733,737,2.5,14.11,8.9
733,865,5,17.58,9.95
734,188,49.5,2.59,3
734,413,4,1.87,3.65
734,696,1.5,8.43,7.2
734,735,4.5,8.42,6.91
734,736,5,8.78,7.88
735,189,49.5,2.59,3
735,414,3.5,1.91,3.54
735,733,1,13.5,8.96
735,734,4.5,8.42,6.91
735,737,3,9.15,8.19
736,190,49.5,2.59,3
736,698,4.5,8.6,7.32
736,734,5,8.78,7.88
736,737,6.5,8.44,7.67
736,866,3.5,14.13,9.66
737,191,49.5,2.59,3
737,733,2.5,14.11,8.9
737,735,3,9.15,8.19
737,736,6.5,8.44,7.67
737,866,2,13.72,8.36
738,192,49.5,2.59,3
738,740,1,10.42,7.28
738,742,2,11.56,8.38
738,746,1.5,17.39,11.62
738,784,1.5,8.6,6.52
738,920,1.5,17.45,11.24
739,193,49.5,2.59,3
739,419,1.5,10.24,8.07
739,740,2,9.16,7.11
739,741,2,8.05,6.38
739,921,2,13.8,8.84
740,194,49.5,2.59,3
740,738,1,10.42,7.28
740,739,2,9.16,7.11
740,742,1.5,7.9,6.99
740,920,2,14.54,10.59
741,195,49.5,2.59,3
741,739,2,8.05,6.38
741,742,0.5,8.6,7.07
741,743,1,14.18,9.77
741,747,2.5,9.15,6.8
742,196,49.5,2.59,3
742,738,2,11.56,8.38
742,740,1.5,7.9,6.99
742,741,0.5,8.6,7.07
742,748,2.5,8.97,6.74
743,197,49.5,2.59,3
743,419,1.5,4.88,4.44
743,741,1,14.18,9.77
743,744,2.5,16.16,10.11
743,745,2,16.16,10.62
743,751,3,14.53,9.11
743,752,1.5,14.06,9.51
743,921,2.5,20.02,11.94
743,922,1,19.48,12.71
744,198,49.5,2.59,3
744,743,2.5,16.16,10.11
744,745,6,8.05,6.79
744,922,1.5,15.06,9.24
745,199,49.5,2.59,3
745,743,2,16.16,10.62
745,744,6,8.05,6.79
745,755,4,8.79,7.75
746,200,49.5,2.59,3
746,738,1.5,17.39,11.62
746,748,2,10.43,7.66
746,750,2,10.8,7.84
746,757,4,17.75,10.09
746,792,1,9.15,6.98
747,201,49.5,2.59,3
747,741,2.5,9.15,6.8
747,748,3,9.15,7.52
747,749,2,8.42,6.85
747,752,2.5,8.97,7.47
748,202,49.5,2.59,3
748,742,2.5,8.97,6.74
748,746,2,10.43,7.66
748,747,3,9.15,7.52
748,750,4.5,8.6,7.92
749,203,49.5,2.59,3
749,747,2,8.42,6.85
749,750,2,9.15,8.32
749,754,3.5,8.6,7.1
749,758,3,8.97,6.65
750,204,49.5,2.59,3
750,746,2,10.8,7.84
750,748,4.5,8.6,7.92
750,749,2,9.15,8.32
750,759,1,8.79,7.09
751,205,49.5,2.59,3
751,420,3,7.5,5.57
751,743,3,14.53,9.11
751,753,8,8.24,7.36
751,755,3,10.99,7.87
752,206,49.5,2.59,3
752,420,3,2.72,4.68
752,743,1.5,14.06,9.51
752,747,2.5,8.97,7.47
752,754,2,8.43,6.69
753,207,49.5,2.59,3
753,421,2,4.42,3.94
753,751,8,8.24,7.36
753,756,4.5,9.88,7.66
753,762,3.5,8.97,6.45
754,208,49.5,2.59,3
754,421,2,5.51,5.86
754,749,3.5,8.6,7.1
754,752,2,8.43,6.69
754,763,1,9.33,6.86
755,209,49.5,2.59,3
755,745,4,8.79,7.75
755,751,3,10.99,7.87
755,756,9,8.72,7.52
756,210,49.5,2.59,3
756,753,4.5,9.88,7.66
756,755,9,8.72,7.52
756,766,6.5,9.22,7.83
757,211,49.5,2.59,3
757,746,4,17.75,10.09
757,759,1.5,11.08,7.43
757,761,3,11.22,7.7
757,768,2,17.57,10.48
757,800,3,8.79,6.71
758,212,49.5,2.59,3
758,749,3,8.97,6.65
758,759,0.5,8.78,6.87
758,760,2,9.33,6.87
758,763,5.5,8.97,7.07
759,213,49.5,2.59,3
759,750,1,8.79,7.09
759,757,1.5,11.08,7.43
759,758,0.5,8.78,6.87
759,761,2,8.78,6.59
760,214,49.5,2.59,3
760,758,2,9.33,6.87
760,761,2.5,8.8,6.63
760,765,6,8.79,7.63
760,769,1,8.42,6.6
761,215,49.5,2.59,3
761,757,3,11.22,7.7
761,759,2,8.78,6.59
761,760,2.5,8.8,6.63
761,770,1.5,8.78,6.82
762,216,49.5,2.59,3
762,422,1,1.83,3.87
762,753,3.5,8.97,6.45
762,763,2.5,8.79,7.19
762,764,0.5,8.24,7.48
763,217,49.5,2.59,3
763,754,1,9.33,6.86
763,758,5.5,8.97,7.07
763,762,2.5,8.79,7.19
763,765,4.5,8.6,7.7
764,218,49.5,2.59,3
764,423,1,2.09,3.6
764,762,0.5,8.24,7.48
764,765,3.5,9.17,7.25
764,773,3,9.33,7.13
765,219,49.5,2.59,3
765,760,6,8.79,7.63
765,763,4.5,8.6,7.7
765,764,3.5,9.17,7.25
765,774,6,8.6,7.01
766,220,49.5,2.59,3
766,422,1,9.15,6.61
766,756,6.5,9.22,7.83
766,767,3.5,9.22,6.66
767,221,49.5,2.59,3
767,423,1,10.49,7.08
767,766,3.5,9.22,6.66
767,777,6,8.85,7.58
768,222,49.5,2.59,3
768,584,5,17.93,13.1
768,757,2,17.57,10.48
768,770,1.5,11.08,9.33
768,772,1.5,11.46,8.19
768,808,4.5,8.78,6.59
769,223,49.5,2.59,3
769,760,1,8.42,6.6
769,770,2.5,8.6,6.79
769,771,2,8.61,7.54
769,774,1,9.15,8.21
770,224,49.5,2.59,3
770,761,1.5,8.78,6.82
770,768,1.5,11.08,9.33
770,769,2.5,8.6,6.79
770,772,5.5,9.33,7.05
771,225,49.5,2.59,3
771,585,3,9.15,6.88
771,769,2,8.61,7.54
771,772,5,8.98,6.94
771,776,2.5,8.79,6.9
772,226,49.5,2.59,3
772,586,3,8.6,6.83
772,768,1.5,11.46,8.19
772,770,5.5,9.33,7.05
772,771,5,8.98,6.94
773,227,49.5,2.59,3
773,424,1,2.05,4.3
773,764,3,9.33,7.13
773,774,4,9.15,7.05
773,775,2,8.42,6.38
774,228,49.5,2.59,3
774,765,6,8.6,7.01
774,769,1,9.15,8.21
774,773,4,9.15,7.05
774,776,3,8.6,7.01
775,229,49.5,2.59,3
775,425,2,4.43,5.62
775,589,2.5,9.52,7.97
775,773,2,8.42,6.38
775,776,2.5,8.97,6.81
776,230,49.5,2.59,3
776,590,7.5,9.33,7.76
776,771,2.5,8.79,6.9
776,774,3,8.6,7.01
776,775,2.5,8.97,6.81
777,231,49.5,2.59,3
777,424,1,9.99,6.72
777,767,6,8.85,7.58
777,778,3,10.4,7.66
777,779,2.5,8.88,6.78
778,232,49.5,2.59,3
778,429,6.5,7.19,5.77
778,597,0.5,12.41,13.6
778,777,3,10.4,7.66
778,779,4,8.8,8.18
779,233,49.5,2.59,3
779,425,2,5.21,4.48
779,427,7,7.72,5.65
779,777,2.5,8.88,6.78
779,778,4,8.8,8.18
780,234,49.5,2.59,3
780,781,3.5,17.75,10.09
780,785,2.5,17.2,11.54
780,914,2,34.66,16.5
780,916,0.5,18.62,10.93
781,235,49.5,2.59,3
781,780,3.5,17.75,10.09
781,782,3,17.39,9.76
781,786,2.5,17.02,9.76
781,917,1,18.66,10.44
782,236,49.5,2.59,3
782,781,3,17.39,9.76
782,783,3,17.93,10.02
782,787,3.5,16.65,10.12
782,917,3,20.68,11.24
782,918,0.5,19.18,12.5
783,237,49.5,2.59,3
783,782,3,17.93,10.02
783,784,3.5,11.72,7.94
783,788,1.5,13.89,8.53
783,789,1,13.72,8.68
783,918,0.5,20.18,12.98
783,919,1.5,19.01,12
784,238,49.5,2.59,3
784,738,1.5,8.6,6.52
784,783,3.5,11.72,7.94
784,792,1,17.39,10.73
784,919,2.5,17.31,10.35
785,239,49.5,2.59,3
785,780,2.5,17.2,11.54
785,786,4,17.57,10.03
785,793,4,17.39,9.96
785,914,2.5,23.24,12.24
786,240,49.5,2.59,3
786,781,2.5,17.02,9.76
786,785,4,17.57,10.03
786,787,1.5,17.57,9.96
786,794,3,17.57,9.89
787,241,49.5,2.59,3
787,782,3.5,16.65,10.12
787,786,1.5,17.57,9.96
787,789,0.5,14.08,9.03
787,791,0.5,14.35,8.74
787,795,4.5,17.75,10.03
788,242,49.5,2.59,3
788,783,1.5,13.89,8.53
788,789,2,8.79,7.39
788,790,1.5,8.24,6.38
788,792,2,8.18,6.5
789,243,49.5,2.59,3
789,783,1,13.72,8.68
789,787,0.5,14.08,9.03
789,788,2,8.79,7.39
789,791,1.5,8.6,6.45
790,244,49.5,2.59,3
790,788,1.5,8.24,6.38
790,791,2,8.79,7.62
790,792,2.5,8.63,6.42
790,796,2,8.97,6.98
791,245,49.5,2.59,3
791,787,0.5,14.35,8.74
791,789,1.5,8.6,6.45
791,790,2,8.79,7.62
791,797,1.5,9.16,6.65
792,246,49.5,2.59,3
792,746,1,9.15,6.98
792,784,1,17.39,10.73
792,788,2,8.18,6.5
792,790,2.5,8.63,6.42
792,800,0.5,17.39,10.99
793,247,49.5,2.59,3
793,785,4,17.39,9.96
793,794,3.5,17.39,9.96
793,801,3,17.57,10.03
793,914,2,21.93,11.7
794,248,49.5,2.59,3
794,786,3,17.57,9.89
794,793,3.5,17.39,9.96
794,795,4,17.75,10.03
794,802,3,17.39,10.41
795,249,49.5,2.59,3
795,787,4.5,17.75,10.03
795,794,4,17.75,10.03
795,797,1.5,13.55,8.8
795,799,2.5,14.2,8.71
795,803,2.5,17.2,10.33
796,250,49.5,2.59,3
796,790,2,8.97,6.98
796,797,1,9.16,6.58
796,798,1,8.79,7.39
796,800,0.5,8.27,6.31
797,251,49.5,2.59,3
797,791,1.5,9.16,6.65
797,795,1.5,13.55,8.8
797,796,1,9.16,6.58
797,799,1,9.15,6.65
798,252,49.5,2.59,3
798,796,1,8.79,7.39
798,799,2,9.18,6.66
798,800,1,8.68,6.46
798,804,3,8.97,7.48
799,253,49.5,2.59,3
799,795,2.5,14.2,8.71
799,797,1,9.15,6.65
799,798,2,9.18,6.66
799,805,6,8.42,6.6
800,254,49.5,2.59,3
800,757,3,8.79,6.71
800,792,0.5,17.39,10.99
800,796,0.5,8.27,6.31
800,798,1,8.68,6.46
800,808,0.5,17.93,15.3
801,255,49.5,2.59,3
801,389,2.5,22.53,12.58
801,793,3,17.57,10.03
801,802,2,17.75,10.09
801,913,3.5,62.69,27.9
802,256,49.5,2.59,3
802,388,2,13.28,7.78
802,794,3,17.39,10.41
802,801,2,17.75,10.09
802,803,2.5,17.57,9.96
803,257,49.5,2.59,3
803,709,2.5,18.3,10.69
803,795,2.5,17.2,10.33
803,802,2.5,17.57,9.96
803,805,1,13.8,8.9
803,807,1,14.27,8.74
804,258,49.5,2.59,3
804,798,3,8.97,7.48
804,805,4.5,8.6,6.6
804,806,2,9.15,6.8
804,808,2.5,8.51,6.44
805,259,49.5,2.59,3
805,799,6,8.42,6.6
805,803,1,13.8,8.9
805,804,4.5,8.6,6.6
805,807,2,8.97,6.81
806,260,49.5,2.59,3
806,710,2.5,8.6,6.52
806,804,2,9.15,6.8
806,807,2,8.97,8.86
806,808,1.5,8.94,6.62
807,261,49.5,2.59,3
807,711,2.5,8.24,6.19
807,803,1,14.27,8.74
807,805,2,8.97,6.81
807,806,2,8.97,8.86
808,262,49.5,2.59,3
808,584,0.5,18.81,13.6
808,768,4.5,8.78,6.59
808,800,0.5,17.93,15.3
808,804,2.5,8.51,6.44
808,806,1.5,8.94,6.62
809,263,49.5,2.59,3
809,697,2.5,8.97,6.95
809,810,1,8.78,7.17
809,811,2.5,8.97,6.95
809,814,2.5,8.79,6.71
810,264,49.5,2.59,3
810,698,2,8.6,7.67
810,809,1,8.78,7.17
810,812,3.5,8.97,7.01
810,866,2.5,13.73,9.49
811,265,49.5,2.59,3
811,809,2.5,8.97,6.95
811,812,2.5,8.6,6.84
811,816,3,9.34,6.81
811,817,2.5,8.79,6.87
812,266,49.5,2.59,3
812,810,3.5,8.97,7.01
812,811,2.5,8.6,6.84
812,818,2,9.34,6.89
812,866,1,13.6,9.47
813,267,49.5,2.59,3
813,472,3,5.61,4.39
813,473,1,2.23,4.44
813,701,2,8.79,7.43
813,814,6,9.17,6.76
814,268,49.5,2.59,3
814,702,3.5,8.79,7.55
814,809,2.5,8.79,6.71
814,813,6,9.17,6.76
814,816,2.5,8.8,6.95
815,269,49.5,2.59,3
815,471,3,9.73,6.84
815,472,3,4.34,5.22
815,638,2,13.18,8.72
815,821,2.5,8.79,6.58
816,270,49.5,2.59,3
816,471,3,1.97,3.61
816,811,3,9.34,6.81
816,814,2.5,8.8,6.95
816,822,2.5,8.79,6.9
817,271,49.5,2.59,3
817,470,1,1.84,3.74
817,811,2.5,8.79,6.87
817,818,3.5,8.62,7.12
817,819,3.5,8.97,6.51
818,272,49.5,2.59,3
818,812,2,9.34,6.89
818,817,3.5,8.62,7.12
818,820,1.5,8.43,7.26
818,869,1.5,13.32,9.33
819,273,49.5,2.59,3
819,469,3,1.98,3.34
819,817,3.5,8.97,6.51
819,820,1.5,8.24,6.52
819,829,3,8.81,6.79
820,274,49.5,2.59,3
820,818,1.5,8.43,7.26
820,819,1.5,8.24,6.52
820,830,0.5,9.15,7.75
820,869,1.5,13.32,8.66
821,275,49.5,2.59,3
821,815,2.5,8.79,6.58
821,822,2,8.97,6.95
821,823,4,8.78,6.73
821,826,2.5,8.8,7.39
822,276,49.5,2.59,3
822,470,1,9.59,6.36
822,816,2.5,8.79,6.9
822,821,2,8.97,6.95
822,824,2,8.97,6.95
823,277,49.5,2.59,3
823,821,4,8.78,6.73
823,824,2,8.79,6.95
823,828,3,8.78,6.84
823,833,3,8.79,7.11
824,278,49.5,2.59,3
824,469,3,10.62,7.01
824,822,2,8.97,6.95
824,823,2,8.79,6.95
824,834,9,9.15,8.01
825,279,49.5,2.59,3
825,638,1,9.1,6.63
825,649,1.5,9.15,7.01
825,826,2,8.6,6.68
825,827,1,9.15,7.35
826,280,49.5,2.59,3
826,638,1.5,9,7.8
826,821,2.5,8.8,7.39
826,825,2,8.6,6.68
826,828,2,9.33,6.94
827,281,49.5,2.59,3
827,651,1,8.79,6.99
827,825,1,9.15,7.35
827,828,2,8.79,6.99
827,837,2.5,8.6,6.84
828,282,49.5,2.59,3
828,823,3,8.78,6.84
828,826,2,9.33,6.94
828,827,2,8.79,6.99
828,838,0.5,8.62,6.63
829,283,49.5,2.59,3
829,457,1,9.15,6.65
829,468,2.5,5,4.33
829,819,3,8.81,6.79
829,834,7.5,8.78,8.31
830,284,49.5,2.59,3
830,468,2.5,4.52,5.85
830,820,0.5,9.15,7.75
830,832,0.5,8.6,7.11
830,872,3,13.49,8.96
831,285,49.5,2.59,3
831,457,1,2.05,3.72
831,836,1,8.97,6.68
831,845,1,13.55,8.97
832,286,49.5,2.59,3
832,459,2,3.82,4.27
832,830,0.5,8.6,7.11
832,872,2,13.2,9.29
833,287,49.5,2.59,3
833,455,3,6.44,5.7
833,823,3,8.79,7.11
833,834,10.5,8.81,7.89
833,838,2,9.15,7.51
834,288,49.5,2.59,3
834,456,5.5,5.91,5.01
834,824,9,9.15,8.01
834,829,7.5,8.78,8.31
834,833,10.5,8.81,7.89
835,289,49.5,2.59,3
835,455,3,3.55,5.85
835,836,6,8.78,6.73
835,840,3.5,8.8,6.85
835,846,1.5,13.14,9.96
836,290,49.5,2.59,3
836,456,5.5,3.4,5.41
836,831,1,8.97,6.68
836,835,6,8.78,6.73
836,846,2.5,13.26,9.34
837,291,49.5,2.59,3
837,827,2.5,8.6,6.84
837,838,3,8.43,6.79
837,839,2.5,8.97,7.94
837,842,2,9.15,6.61
838,292,49.5,2.59,3
838,454,3,5.96,4.93
838,828,0.5,8.62,6.63
838,833,2,9.15,7.51
838,837,3,8.43,6.79
839,293,49.5,2.59,3
839,837,2.5,8.97,7.94
839,840,2,8.79,6.9
839,844,1.5,8.79,6.95
839,847,2,13.5,9.38
840,294,49.5,2.59,3
840,454,3,3.61,5.45
840,835,3.5,8.8,6.85
840,839,2,8.79,6.9
840,847,2.5,13.8,9.4
841,295,49.5,2.59,3
841,453,0.5,2.23,4.48
841,663,3.5,9.15,7.16
841,842,3.5,8.78,6.9
841,843,0.5,8.8,7.18
842,296,49.5,2.59,3
842,651,2,8.8,7.5
842,837,2,9.15,6.61
842,841,3.5,8.78,6.9
842,844,1.5,8.78,6.9
843,297,49.5,2.59,3
843,665,2,8.78,6.73
843,841,0.5,8.8,7.18
843,844,3,9.33,7.25
843,848,2,13.73,9.45
844,298,49.5,2.59,3
844,839,1.5,8.79,6.95
844,842,1.5,8.78,6.9
844,843,3,9.33,7.25
844,848,3.5,14.27,9
845,299,49.5,2.59,3
845,459,2,10.91,10.72
845,467,2.5,6.61,5.09
845,831,1,13.55,8.97
845,846,2.5,17.4,10.86
845,875,3,17.94,10.14
846,300,49.5,2.59,3
846,835,1.5,13.14,9.96
846,836,2.5,13.26,9.34
846,845,2.5,17.4,10.86
846,847,3.5,18.12,10.67
846,856,1.5,17.76,10.52
847,301,49.5,2.59,3
847,839,2,13.5,9.38
847,840,2.5,13.8,9.4
847,846,3.5,18.12,10.67
847,848,5,17.93,10.62
847,857,3.5,17.39,11.29
848,302,49.5,2.59,3
848,447,4,11.44,8.59
848,843,2,13.73,9.45
848,844,3.5,14.27,9
848,847,5,17.93,10.62
848,858,3,17.02,10.25
849,303,49.5,2.59,3
849,447,4,6.49,4.87
849,664,5.5,13.37,8.88
849,665,1,13.73,9.48
849,851,2,13.66,10.13
849,853,2.5,13.54,9.45
849,859,5.5,17.21,10.36
850,304,49.5,2.59,3
850,668,4.5,8.97,6.84
850,851,3.5,8.6,7.8
850,852,2.5,8.42,6.67
850,854,2.5,8.02,6.38
851,305,49.5,2.59,3
851,669,5.5,8.79,7.62
851,849,2,13.66,10.13
851,850,3.5,8.6,7.8
851,853,1.5,8.6,7.11
852,306,49.5,2.59,3
852,850,2.5,8.42,6.67
852,853,2,8.97,6.49
852,854,0.5,8.43,6.85
852,860,2,13.43,9.08
853,307,49.5,2.59,3
853,849,2.5,13.54,9.45
853,851,1.5,8.6,7.11
853,852,2,8.97,6.49
853,860,2.5,13.73,8.77
854,308,49.5,2.59,3
854,670,0.5,17.75,13.3
854,850,2.5,8.02,6.38
854,852,0.5,8.43,6.85
854,861,0.5,17.2,12.03
854,905,1,14.81,11.33
854,907,3.5,12.55,8.97
855,309,49.5,2.59,3
855,466,5,6.31,4.67
855,467,2.5,11.38,8.88
855,856,4,17.39,10.41
855,878,2.5,17.75,10.99
856,310,49.5,2.59,3
856,846,1.5,17.76,10.52
856,855,4,17.39,10.41
856,857,3,17.94,10.62
856,863,2,17.77,10.07
857,311,49.5,2.59,3
857,847,3.5,17.39,11.29
857,856,3,17.94,10.62
857,858,3,17.76,10.46
857,885,3.5,18.67,10.39
858,312,49.5,2.59,3
858,446,8.5,4.26,5.41
858,848,3,17.02,10.25
858,857,3,17.76,10.46
858,886,5,19.27,10.67
859,313,49.5,2.59,3
859,446,8.5,14.23,8.21
859,849,5.5,17.21,10.36
859,860,4,17.2,11.17
859,887,4,19.41,12.21
860,314,49.5,2.59,3
860,852,2,13.43,9.08
860,853,2.5,13.73,8.77
860,859,4,17.2,11.17
860,861,2.5,10.99,7.69
860,888,3.5,18.77,11.33
861,315,49.5,2.59,3
861,854,0.5,17.2,12.03
861,860,2.5,10.99,7.69
861,888,4,20.36,12.06
861,907,1.5,13.98,9.57
861,910,1.5,20.25,12.61
862,316,49.5,2.59,3
862,465,3.5,13.42,7.5
862,466,5,11.92,8.4
862,863,1,17.76,11.47
862,889,0.5,18.86,10.5
863,317,49.5,2.59,3
863,856,2,17.77,10.07
863,862,1,17.76,11.47
863,885,0.5,17.75,10.05
863,890,3,19.04,11.98
864,318,49.5,2.59,3
864,732,4,18.67,10.94
864,865,4.5,16.92,9.74
864,867,1.5,18.12,11.61
864,913,2.5,49.2,26.3
865,319,49.5,2.59,3
865,733,5,17.58,9.95
865,864,4.5,16.92,9.74
865,866,1,17.96,10.02
865,868,0.5,18.51,15.3
866,320,49.5,2.59,3
866,736,3.5,14.13,9.66
866,737,2,13.72,8.36
866,810,2.5,13.73,9.49
866,812,1,13.6,9.47
866,865,1,17.96,10.02
866,868,1.5,24.46,13.3
866,869,2.5,18.14,11.23
867,321,49.5,2.59,3
867,864,1.5,18.12,11.61
867,868,3.5,17.43,10.39
867,870,1.5,17.57,9.87
868,322,49.5,2.59,3
868,865,0.5,18.51,15.3
868,866,1.5,24.46,13.3
868,867,3.5,17.43,10.39
868,869,2,17.94,10.02
868,871,2.5,18.67,11.29
869,323,49.5,2.59,3
869,818,1.5,13.32,9.33
869,820,1.5,13.32,8.66
869,866,2.5,18.14,11.23
869,868,2,17.94,10.02
869,872,2.5,17.57,10.96
870,324,49.5,2.59,3
870,867,1.5,17.57,9.87
870,871,5.5,17.57,10.78
871,325,49.5,2.59,3
871,868,2.5,18.67,11.29
871,870,5.5,17.57,10.78
871,872,2,17.76,9.94
871,874,2.5,17.75,10.87
872,326,49.5,2.59,3
872,460,3.5,14.42,8.86
872,830,3,13.49,8.96
872,832,2,13.2,9.29
872,869,2.5,17.57,10.96
872,871,2,17.76,9.94
873,327,49.5,2.59,3
873,462,1.5,9.78,6.45
873,874,2,17.39,10.7
874,328,49.5,2.59,3
874,461,2,7.29,5.35
874,871,2.5,17.75,10.87
874,873,2,17.39,10.7
874,875,4,17.43,9.81
875,329,49.5,2.59,3
875,460,3.5,3.3,5.21
875,845,3,17.94,10.14
875,874,4,17.43,9.81
875,878,1,17.22,11.17
876,330,49.5,2.59,3
876,462,1.5,8.22,7.35
876,877,1.5,17.42,10.71
876,879,1,18.48,11.12
877,331,49.5,2.59,3
877,461,2,11.81,8.87
877,876,1.5,17.42,10.71
877,878,1,17.24,10.62
877,880,2,17.2,10.79
878,332,49.5,2.59,3
878,855,2.5,17.75,10.99
878,875,1,17.22,11.17
878,877,1,17.24,10.62
878,881,4.5,18.67,10.94
879,333,49.5,2.59,3
879,876,1,18.48,11.12
879,880,0.5,17.57,10.78
879,882,1,17.75,10.87
880,334,49.5,2.59,3
880,877,2,17.2,10.79
880,879,0.5,17.57,10.78
880,881,2.5,17.61,10.8
880,883,1,17.57,10.01
881,335,49.5,2.59,3
881,465,3.5,4.63,5.48
881,878,4.5,18.67,10.94
881,880,2.5,17.61,10.8
881,884,3,18.3,10.09
882,336,49.5,2.59,3
882,879,1,17.75,10.87
882,883,1,17.39,10.7
883,337,49.5,2.59,3
883,464,2,8.36,6.92
883,880,1,17.57,10.01
883,882,1,17.39,10.7
884,338,49.5,2.59,3
884,464,2,10.08,6.18
884,881,3,18.3,10.09
884,889,1.5,17.76,10.86
885,339,49.5,2.59,3
885,445,1,14.21,9.37
885,857,3.5,18.67,10.39
885,863,0.5,17.75,10.05
885,892,0.5,20.81,11.3
886,340,49.5,2.59,3
886,445,1,4.93,4.05
886,858,5,19.27,10.67
886,887,0.5,17.2,9.84
886,892,1,17.01,9.8
887,341,49.5,2.59,3
887,859,4,19.41,12.21
887,886,0.5,17.2,9.84
887,888,1.5,19.79,10.89
887,893,0.5,17.39,9.87
888,342,49.5,2.59,3
888,860,3.5,18.77,11.33
888,861,4,20.36,12.06
888,887,1.5,19.79,10.89
888,894,1,17.39,9.94
888,910,2,18.76,10.51
889,343,49.5,2.59,3
889,862,0.5,18.86,10.5
889,884,1.5,17.76,10.86
889,895,0.5,21.46,11.59
890,344,49.5,2.59,3
890,863,3,19.04,11.98
890,891,1,18.79,10.52
890,896,2,20.68,11.26
891,345,49.5,2.59,3
891,890,1,18.79,10.52
891,896,0.5,22.18,11.87
891,897,1.5,14.07,8.63
891,899,1,18,10.18
892,346,49.5,2.59,3
892,885,0.5,20.81,11.3
892,886,1,17.01,9.8
892,897,1,12.82,8.06
893,347,49.5,2.59,3
893,887,0.5,17.39,9.87
893,894,2,19.79,10.82
893,898,2,18.74,10.48
893,901,0.5,28.6,14.3
894,348,49.5,2.59,3
894,888,1,17.39,9.94
894,893,2,19.79,10.82
894,910,0.5,26.54,13.6
895,349,49.5,2.59,3
895,889,0.5,21.46,11.59
895,896,0.5,18.88,10.51
896,350,49.5,2.59,3
896,890,2,20.68,11.26
896,891,0.5,22.18,11.87
896,895,0.5,18.88,10.51
896,899,0.5,23.17,12.23
897,351,49.5,2.59,3
897,443,0.5,3.03,4.3
897,891,1.5,14.07,8.63
897,892,1,12.82,8.06
897,899,0.5,16.41,9.6
898,352,49.5,2.59,3
898,442,0.5,18.75,9.49
898,443,0.5,11.46,6.98
898,893,2,18.74,10.48
898,900,1.5,14.04,8.6
899,353,49.5,2.59,3
899,442,0.5,4.63,5.78
899,891,1,18,10.18
899,896,0.5,23.17,12.23
899,897,0.5,16.41,9.6
900,354,49.5,2.59,3
900,898,1.5,14.04,8.6
900,901,0.5,19.75,10.89
901,355,49.5,2.59,3
901,893,0.5,28.6,14.3
901,900,0.5,19.75,10.89
902,356,49.5,2.59,3
902,513,3.5,9.42,6.59
902,541,2.5,11.32,11.02
902,542,10.5,6.5,7.21
902,660,4.5,10.42,9.04
902,661,3.5,11.24,10.95
902,670,0.5,20.79,13.3
903,357,49.5,2.59,3
903,514,3,7.69,5.61
903,516,6,21.64,11.96
903,542,10.5,12.64,9.14
903,543,3.5,2.72,4.4
903,544,5,9.85,8.39
904,358,49.5,2.59,3
904,544,5,7.56,6.25
904,906,4.5,17.19,11.14
905,359,49.5,2.59,3
905,513,3.5,17.69,12.12
905,514,3,20.15,14.2
905,670,1,14.17,13
905,854,1,14.81,11.33
905,906,3,23.24,12.68
905,907,5,17.07,10.1
906,360,49.5,2.59,3
906,516,6,3.36,4.62
906,904,4.5,17.19,11.14
906,905,3,23.24,12.68
906,908,3.5,18.01,10.63
906,909,1.5,18.96,14.4
906,931,0.5,67.96,17.7
907,361,49.5,2.59,3
907,854,3.5,12.55,8.97
907,861,1.5,13.98,9.57
907,905,5,17.07,10.1
907,908,3,16.84,10.76
907,910,2.5,26.73,14
908,362,49.5,2.59,3
908,517,2.5,4.93,5.55
908,906,3.5,18.01,10.63
908,907,3,16.84,10.76
908,911,2.5,26.78,14.4
908,912,1.5,24.02,15.3
909,363,49.5,2.59,3
909,517,2.5,12.94,7.39
909,906,1.5,18.96,14.4
909,912,1.5,19.89,12.83
910,364,49.5,2.59,3
910,861,1.5,20.25,12.61
910,888,2,18.76,10.51
910,894,0.5,26.54,13.6
910,907,2.5,26.73,14
910,911,4.5,14.1,10.03
911,365,49.5,2.59,3
911,518,3.5,10.88,8.26
911,908,2.5,26.78,14.4
911,910,4.5,14.1,10.03
912,366,49.5,2.59,3
912,518,3.5,6.5,4.64
912,908,1.5,24.02,15.3
912,909,1.5,19.89,12.83
913,367,49.5,2.59,3
913,417,3.5,9.38,6.45
913,708,3,50.2,23
913,714,3.5,34.16,16.6
913,720,3,23.26,12.25
913,726,4,22.6,12.38
913,801,3.5,62.69,27.9
913,864,2.5,49.2,26.3
914,368,49.5,2.59,3
914,389,2.5,9.91,6.96
914,780,2,34.66,16.5
914,785,2.5,23.24,12.24
914,793,2,21.93,11.7
914,915,0.5,46.17,24.8
915,369,49.5,2.59,3
915,914,0.5,46.17,24.8
915,916,0.5,17.57,10.84
916,370,49.5,2.59,3
916,780,0.5,18.62,10.93
916,915,0.5,17.57,10.84
916,917,1,17.39,10.64
917,371,49.5,2.59,3
917,781,1,18.66,10.44
917,782,3,20.68,11.24
917,916,1,17.39,10.64
917,918,0.5,18.3,11.14
918,372,49.5,2.59,3
918,782,0.5,19.18,12.5
918,783,0.5,20.18,12.98
918,917,0.5,18.3,11.14
918,919,1.5,17.93,10.89
919,373,49.5,2.59,3
919,783,1.5,19.01,12
919,784,2.5,17.31,10.35
919,918,1.5,17.93,10.89
919,920,3,17.2,9.88
919,924,1,25.62,13.1
920,374,49.5,2.59,3
920,738,1.5,17.45,11.24
920,740,2,14.54,10.59
920,919,3,17.2,9.88
920,921,1.5,17.93,10.14
921,375,49.5,2.59,3
921,418,2,7.01,6.86
921,739,2,13.8,8.84
921,743,2.5,20.02,11.94
921,920,1.5,17.93,10.14
922,376,49.5,2.59,3
922,418,2,12.76,7.77
922,743,1,19.48,12.71
922,744,1.5,15.06,9.24
923,377,49.5,2.59,3
923,418,5,31.18,11.98
924,378,49.5,2.59,3
924,919,1,25.62,13.1
925,379,49.5,2.59,3
925,390,3.5,21.18,9.93
926,380,49.5,2.59,3
926,417,3.5,19.56,9.29
927,381,49.5,2.59,3
927,462,3.5,23.18,10.78
928,382,49.5,2.59,3
928,463,3.5,49.96,18.9
929,383,49.5,2.59,3
929,442,3.5,98.65,9.31
930,384,49.5,2.59,3
930,518,3.5,115.07,12.32
931,385,49.5,2.59,3
931,906,0.5,67.96,17.7
932,386,49.5,2.59,3
932,515,5,31.33,8.93
933,387,49.5,2.59,3
933,534,3.5,18.32,8.96
