1,547,49.5,2.59,12.84,4.28
2,548,49.5,2.59,9.8,5.11
3,549,49.5,2.59,10.96,7.43
4,550,49.5,2.59,5.03,9.38
5,551,49.5,2.59,9.38,7.07
6,552,49.5,2.59,8.81,11.96
7,553,49.5,2.59,5.95,10.44
8,554,49.5,2.59,5.62,7.13
9,555,49.5,2.59,11.3,3
10,556,49.5,2.59,3,13
11,557,49.5,2.59,7.08,6.82
12,558,49.5,2.59,7.97,8.86
13,559,49.5,2.59,3,3
14,560,49.5,2.59,7.12,8.02
15,561,49.5,2.59,9.36,6.98
16,562,49.5,2.59,6.59,7.55
17,563,49.5,2.59,5.39,5.24
18,564,49.5,2.59,6.58,10.05
19,565,49.5,2.59,3,5.42
20,566,49.5,2.59,3,6.52
21,567,49.5,2.59,8.88,9.27
22,568,49.5,2.59,9.96,8.5
23,569,49.5,2.59,6.99,3
24,570,49.5,2.59,3,6.08
25,571,49.5,2.59,6.71,3
26,572,49.5,2.59,5.61,6.08
27,573,49.5,2.59,10.39,8.36
28,574,49.5,2.59,6.5,6.23
29,575,49.5,2.59,7.39,6.99
30,576,49.5,2.59,6.99,4.51
31,577,49.5,2.59,3,3
32,578,49.5,2.59,3,7.91
33,579,49.5,2.59,3,6.95
34,580,49.5,2.59,9.81,10.41
35,581,49.5,2.59,6.06,5.72
36,582,49.5,2.59,10.39,7.53
37,583,49.5,2.59,4.51,7.43
38,584,49.5,2.59,4.3,8.32
39,585,49.5,2.59,12.79,4.06
40,586,49.5,2.59,3,6.63
41,587,49.5,2.59,5.51,7.52
42,588,49.5,2.59,3.55,7.08
43,589,49.5,2.59,9.45,3.65
44,590,49.5,2.59,7.39,6.9
45,591,49.5,2.59,7.48,3
46,592,49.5,2.59,10.07,6.32
47,593,49.5,2.59,4.36,6.43
48,594,49.5,2.59,9.47,4.5
49,595,49.5,2.59,7.53,3
50,596,49.5,2.59,3,3
51,597,49.5,2.59,7.68,26.3
52,598,49.5,2.59,6.65,13.6
53,599,49.5,2.59,10.82,3.65
54,600,49.5,2.59,4.48,3
55,601,49.5,2.59,10.78,9.96
56,602,49.5,2.59,5.9,9.74
57,603,49.5,2.59,6.71,16.5
58,604,49.5,2.59,8.88,3
59,605,49.5,2.59,8.9,9.36
60,606,49.5,2.59,7.7,3
61,607,49.5,2.59,6.95,5.93
62,608,49.5,2.59,3,3
63,609,49.5,2.59,6.08,8.78
64,610,49.5,2.59,8.59,3
65,611,49.5,2.59,3,9.34
66,612,49.5,2.59,3,5.53
67,613,49.5,2.59,7.42,3
68,614,49.5,2.59,7.39,7.51
69,615,49.5,2.59,3,5.17
70,616,49.5,2.59,3,4.48
71,617,49.5,2.59,6.99,6.08
72,618,49.5,2.59,5.62,5.89
73,619,49.5,2.59,3,7.7
74,620,49.5,2.59,3,9.4
75,621,49.5,2.59,9.77,3
76,622,49.5,2.59,3,3.53
77,623,49.5,2.59,9.09,10.14
78,624,49.5,2.59,8.1,3
79,625,49.5,2.59,4.05,4.67
80,626,49.5,2.59,7.69,7.39
81,627,49.5,2.59,5.89,3
82,628,49.5,2.59,11.17,7.14
83,629,49.5,2.59,5,12.58
84,630,49.5,2.59,7.49,6.33
85,631,49.5,2.59,11.87,7.27
86,632,49.5,2.59,5.82,7.73
87,633,49.5,2.59,7.94,6.45
88,634,49.5,2.59,3,6.28
89,635,49.5,2.59,4.04,3.6
90,636,49.5,2.59,3,6.6
91,637,49.5,2.59,10.77,3
92,638,49.5,2.59,10.25,10.82
93,639,49.5,2.59,10.44,3
94,640,49.5,2.59,3,6.9
95,641,49.5,2.59,7.32,3
96,642,49.5,2.59,7.54,3
97,643,49.5,2.59,6.35,6.78
98,644,49.5,2.59,4.73,7.61
99,645,49.5,2.59,3,6.92
100,646,49.5,2.59,3,10.5
101,647,49.5,2.59,6.14,6.52
102,648,49.5,2.59,6.88,7.25
103,649,49.5,2.59,8.74,6.38
104,650,49.5,2.59,7.58,9.62
105,651,49.5,2.59,6.6,3
106,652,49.5,2.59,3,10.62
107,653,49.5,2.59,3,12.03
108,654,49.5,2.59,3,6.66
109,655,49.5,2.59,6.51,3
110,656,49.5,2.59,10.09,3
111,657,49.5,2.59,4.41,3
112,658,49.5,2.59,9.45,3.95
113,659,49.5,2.59,10.48,9.88
114,660,49.5,2.59,9.04,8.88
115,661,49.5,2.59,5.65,7.89
116,662,49.5,2.59,6.79,7.43
117,663,49.5,2.59,7.5,5.84
118,664,49.5,2.59,8.4,6.65
119,665,49.5,2.59,7.31,7.29
120,666,49.5,2.59,7,7.81
121,667,49.5,2.59,11.61,6.84
122,668,49.5,2.59,12.98,6.31
123,669,49.5,2.59,9.96,9.33
124,670,49.5,2.59,7.81,9.49
125,671,49.5,2.59,5.86,6.61
126,672,49.5,2.59,3,3.81
127,673,49.5,2.59,3.72,7.18
128,674,49.5,2.59,10.01,7.83
129,675,49.5,2.59,7.09,12.84
130,676,49.5,2.59,6.63,3
131,677,49.5,2.59,3,9.47
132,678,49.5,2.59,7.67,7.28
133,679,49.5,2.59,3,8.61
134,680,49.5,2.59,9.06,4.69
135,681,49.5,2.59,4.88,3
136,682,49.5,2.59,3,7.84
137,683,49.5,2.59,7.01,7.28
138,684,49.5,2.59,8.97,5.18
139,685,49.5,2.59,5.23,3
140,686,49.5,2.59,7.72,3
141,687,49.5,2.59,3,9.31
142,688,49.5,2.59,9.36,6.66
143,689,49.5,2.59,3,4.68
144,690,49.5,2.59,8.96,3
145,691,49.5,2.59,3,10.48
146,692,49.5,2.59,7.37,11.24
147,693,49.5,2.59,3,4.05
148,694,49.5,2.59,3,6.63
149,695,49.5,2.59,6.99,7.7
150,696,49.5,2.59,7.01,3
151,697,49.5,2.59,7.42,6.55
152,698,49.5,2.59,6.84,4.58
153,699,49.5,2.59,3,7.12
154,700,49.5,2.59,3,11.14
155,701,49.5,2.59,12.25,4.33
156,702,49.5,2.59,6.12,3
157,703,49.5,2.59,4.58,6.08
158,704,49.5,2.59,7.22,5.98
159,705,49.5,2.59,8.42,3
160,706,49.5,2.59,15.3,3.3
161,707,49.5,2.59,3,6.79
162,708,49.5,2.59,3,6.97
163,709,49.5,2.59,3.81,10.78
164,710,49.5,2.59,6.66,7.97
165,711,49.5,2.59,5.19,5.49
166,712,49.5,2.59,3,6.98
167,713,49.5,2.59,3,12.58
168,714,49.5,2.59,7.53,8.79
169,715,49.5,2.59,5.21,9.77
170,716,49.5,2.59,8.86,3
171,717,49.5,2.59,6.63,6.5
172,718,49.5,2.59,3,8.11
173,719,49.5,2.59,6.18,10.8
174,720,49.5,2.59,3.59,4.93
175,721,49.5,2.59,6.82,7.23
176,722,49.5,2.59,3,3
177,723,49.5,2.59,3,3
178,724,49.5,2.59,6.45,3
179,725,49.5,2.59,7.56,4.36
180,726,49.5,2.59,8.76,5.95
181,727,49.5,2.59,8.05,3
182,728,49.5,2.59,3,3
183,729,49.5,2.59,7.12,7.32
184,730,49.5,2.59,3.5,3
185,731,49.5,2.59,7.08,3
186,732,49.5,2.59,3.44,8.77
187,733,49.5,2.59,9.81,3
188,734,49.5,2.59,10.02,3.55
189,735,49.5,2.59,6.6,6.51
190,736,49.5,2.59,7.76,7.1
191,737,49.5,2.59,9.45,3
192,738,49.5,2.59,7.92,6.74
193,739,49.5,2.59,6.53,9.29
194,740,49.5,2.59,9.15,7.21
195,741,49.5,2.59,5.81,8.85
196,742,49.5,2.59,6.67,5.61
197,743,49.5,2.59,7.54,3
198,744,49.5,2.59,4.4,3
199,745,49.5,2.59,5.24,8.64
200,746,49.5,2.59,5.41,12.32
201,747,49.5,2.59,10.02,12.25
202,748,49.5,2.59,4.94,12.5
203,749,49.5,2.59,4.09,7.66
204,750,49.5,2.59,4.68,9.26
205,751,49.5,2.59,4.44,4.48
206,752,49.5,2.59,3,12.79
207,753,49.5,2.59,3,5.23
208,754,49.5,2.59,3,7.54
209,755,49.5,2.59,6.97,6.89
210,756,49.5,2.59,8.78,8.59
211,757,49.5,2.59,6.78,9.6
212,758,49.5,2.59,3,3
213,759,49.5,2.59,10.28,7.43
214,760,49.5,2.59,8.37,8.88
215,761,49.5,2.59,3,7.09
216,762,49.5,2.59,4.32,7.61
217,763,49.5,2.59,10.94,3
218,764,49.5,2.59,6.45,6.99
219,765,49.5,2.59,3,5.95
220,766,49.5,2.59,3,3
221,767,49.5,2.59,3,7.18
222,768,49.5,2.59,10.05,6.99
223,769,49.5,2.59,6.32,3
224,770,49.5,2.59,10.78,7.2
225,771,49.5,2.59,7.05,9.88
226,772,49.5,2.59,4.28,7
227,773,49.5,2.59,6.8,9.76
228,774,49.5,2.59,5.4,6.99
229,775,49.5,2.59,5.05,8.26
230,776,49.5,2.59,10.62,3.65
231,777,49.5,2.59,3,3
232,778,49.5,2.59,7.82,6.45
233,779,49.5,2.59,3,3
234,780,49.5,2.59,9.47,3
235,781,49.5,2.59,3,7.12
236,782,49.5,2.59,3,8.19
237,783,49.5,2.59,7.8,7.43
238,784,49.5,2.59,6.32,5.42
239,785,49.5,2.59,8.1,4.51
240,786,49.5,2.59,3,6.6
241,787,49.5,2.59,10.87,4.75
242,788,49.5,2.59,7,6.95
243,789,49.5,2.59,3,6.67
244,790,49.5,2.59,10.72,10.09
245,791,49.5,2.59,4.51,7.87
246,792,49.5,2.59,3,7.63
247,793,49.5,2.59,3,6.87
248,794,49.5,2.59,27.9,8
249,795,49.5,2.59,6.5,5.11
250,796,49.5,2.59,3,9.82
251,797,49.5,2.59,3,7.09
252,798,49.5,2.59,7.19,3
253,799,49.5,2.59,3,5.42
254,800,49.5,2.59,10.95,6.8
255,801,49.5,2.59,3,5.84
256,802,49.5,2.59,6.31,3
257,803,49.5,2.59,4.75,5.92
258,804,49.5,2.59,10.41,10.69
259,805,49.5,2.59,7.91,3
260,806,49.5,2.59,3,6.65
261,807,49.5,2.59,3,4.05
262,808,49.5,2.59,7.75,9.76
263,809,49.5,2.59,3,6.93
264,810,49.5,2.59,8.88,3
265,811,49.5,2.59,5.09,3
266,812,49.5,2.59,4.82,9.81
267,813,49.5,2.59,3,4.94
268,814,49.5,2.59,4.37,7.36
269,815,49.5,2.59,9.93,3.88
270,816,49.5,2.59,3,3
271,817,49.5,2.59,5.4,3
272,818,49.5,2.59,6.32,3
273,819,49.5,2.59,3,3
274,820,49.5,2.59,7.84,3
275,821,49.5,2.59,6.87,7.01
276,822,49.5,2.59,7.11,6.95
277,823,49.5,2.59,3,6.29
278,824,49.5,2.59,8.72,7
279,825,49.5,2.59,3,5.9
280,826,49.5,2.59,3,3
281,827,49.5,2.59,3,10.99
282,828,49.5,2.59,3,3
283,829,49.5,2.59,3,3
284,830,49.5,2.59,13.2,9.84
285,831,49.5,2.59,3,7.5
286,832,49.5,2.59,6.53,7.38
287,833,49.5,2.59,4.27,3
288,834,49.5,2.59,10.8,6.8
289,835,49.5,2.59,6.9,6.88
290,836,49.5,2.59,7.69,3
291,837,49.5,2.59,3,4.27
292,838,49.5,2.59,3,3
293,839,49.5,2.59,3,3
294,840,49.5,2.59,9.77,6.95
295,841,49.5,2.59,7.51,6.23
296,842,49.5,2.59,3,3
297,843,49.5,2.59,3,6.28
298,844,49.5,2.59,3,3
299,845,49.5,2.59,6.19,7.68
300,846,49.5,2.59,6.75,7.28
301,847,49.5,2.59,4.11,3
302,848,49.5,2.59,3,7.62
303,849,49.5,2.59,6.82,6.86
304,850,49.5,2.59,7.39,4.58
305,851,49.5,2.59,4.33,3
306,852,49.5,2.59,3,5.35
307,853,49.5,2.59,7.28,13.6
308,854,49.5,2.59,3,11.59
309,855,49.5,2.59,3,7.29
310,856,49.5,2.59,7.99,6.99
311,857,49.5,2.59,3,6.06
312,858,49.5,2.59,8.96,3
313,859,49.5,2.59,6.02,3
314,860,49.5,2.59,10.18,7.45
315,861,49.5,2.59,6.42,3
316,862,49.5,2.59,8.66,7.28
317,863,49.5,2.59,7.49,9.95
318,864,49.5,2.59,3,8.88
319,865,49.5,2.59,4.43,3.37
320,866,49.5,2.59,10.18,4.7
321,867,49.5,2.59,10.48,3
322,868,49.5,2.59,3,12.23
323,869,49.5,2.59,6.66,8.77
324,870,49.5,2.59,3,3.55
325,871,49.5,2.59,3,6.95
326,872,49.5,2.59,5.23,3
327,873,49.5,2.59,7.39,4.67
328,874,49.5,2.59,5.42,6.24
329,875,49.5,2.59,10.51,10.18
330,876,49.5,2.59,3,6.58
331,877,49.5,2.59,8.28,3
332,878,49.5,2.59,8.19,4.67
333,879,49.5,2.59,8.74,6.82
334,880,49.5,2.59,6.43,7.34
335,881,49.5,2.59,5.28,3
336,882,49.5,2.59,6.51,6.99
337,883,49.5,2.59,3,7.75
338,884,49.5,2.59,8.02,3
339,885,49.5,2.59,7.72,3
340,886,49.5,2.59,3,7.8
341,887,49.5,2.59,9.63,13.3
342,888,49.5,2.59,10.59,7.19
343,889,49.5,2.59,9.96,7.47
344,890,49.5,2.59,7.39,6.45
345,891,49.5,2.59,10.48,3
346,892,49.5,2.59,7.22,5.49
347,893,49.5,2.59,3.74,3
348,894,49.5,2.59,3,8.9
349,895,49.5,2.59,4.05,6.26
350,896,49.5,2.59,3,3.94
351,897,49.5,2.59,3,5.98
352,898,49.5,2.59,8.42,3
353,899,49.5,2.59,3,3
354,900,49.5,2.59,3,5.57
355,901,49.5,2.59,6.74,4.98
356,902,49.5,2.59,3,3.62
357,903,49.5,2.59,12.79,7.29
358,904,49.5,2.59,3,5.59
359,905,49.5,2.59,8.9,3
360,906,49.5,2.59,3.3,7.83
361,907,49.5,2.59,3,6.45
362,908,49.5,2.59,5.35,3
363,909,49.5,2.59,5.97,3
364,910,49.5,2.59,11.07,7.09
365,911,49.5,2.59,4.47,3
366,912,49.5,2.59,6.97,4.36
367,913,49.5,2.59,7.32,5.65
368,914,49.5,2.59,10.48,3
369,915,49.5,2.59,8.17,6.88
370,916,49.5,2.59,7.38,7.91
371,917,49.5,2.59,6.51,4.8
372,918,49.5,2.59,6.79,10.59
373,919,49.5,2.59,5.57,6.69
374,920,49.5,2.59,4.44,3.87
375,921,49.5,2.59,3,11.54
376,922,49.5,2.59,3,7.49
377,923,49.5,2.59,26.3,3
378,924,49.5,2.59,9.57,6.73
379,925,49.5,2.59,5.42,3
380,926,49.5,2.59,5.95,6.5
381,927,49.5,2.59,4.67,3
382,928,49.5,2.59,9.01,8.13
383,929,49.5,2.59,4.93,6.52
384,930,49.5,2.59,7.83,5.92
385,931,49.5,2.59,5.55,11.09
386,932,49.5,2.59,3,5.61
387,933,49.5,2.59,3,3
388,390,3.5,36.14,10.67,4.43
388,391,3.5,19.07,3,3
388,708,2,5.44,3,3
388,802,2,13.28,6.84,3
389,390,1,14.1,7.48,10.89
389,801,2.5,22.53,9.95,3
389,914,2.5,9.91,10.86,12.79
390,388,3.5,36.14,3,10.99
390,389,1,14.1,10.09,8.67
390,925,3.5,21.18,6.85,3
391,388,3.5,19.07,3,4.75
391,392,3.5,13.68,3,7.45
391,709,3,3.81,3,9.37
391,715,3,14.15,3,7.88
392,391,3.5,13.68,12.71,5.85
392,393,3.5,8.1,8.4,3
392,713,1,5.03,3,8.41
392,717,1,4.81,6.53,6.44
393,392,3.5,8.1,7.25,3
393,394,5,9.33,3,3.62
393,712,3.5,8.13,6.14,5.12
393,716,3.5,1.84,6.95,3
394,393,5,9.33,4.43,3
394,395,5,6.77,8.71,6.9
394,584,0.5,14.32,7.14,9.04
394,601,0.5,1.69,14.2,6.98
395,394,5,6.77,6.87,6.49
395,396,5,10.07,5.11,3.72
395,584,3.5,11.62,8.17,8.56
395,600,3.5,2.49,3,3
396,395,5,10.07,6.61,6.78
396,397,5,5.86,12.84,3
397,396,5,5.86,3,8.31
397,398,5,6.53,5.21,7.32
397,588,3,7.5,3,3.12
397,604,3,3.31,5.72,7.58
398,397,5,6.53,6.36,3.56
398,399,5,1.88,8.02,6.81
398,400,6.5,5.87,3,3
398,403,8,8.42,3,15.3
399,398,5,1.88,6.25,3
399,537,5,11.8,3,3
399,604,7,5.1,12.58,4.41
399,609,7,4.09,4.39,5.51
400,398,6.5,5.87,3.62,3.5
400,401,5,10.37,10.02,6.08
400,587,0.5,3.03,12.68,5.72
400,609,0.5,7.52,3,3
401,400,5,10.37,5.72,7.5
401,402,5,4.5,7.87,7.67
401,585,6,3,3,7.89
401,590,6,6.66,4.8,9.82
402,401,5,4.5,3,4.5
403,398,8,8.42,10.71,3
403,404,6.5,9.01,3,5.33
403,606,1.5,3.61,7.26,3
403,611,1.5,5.79,6.91,24.8
404,403,6.5,9.01,4.39,8.37
404,405,5,2.75,8.98,8.98
404,675,5.5,4.63,9.49,3
404,680,5.5,4.83,10.52,7.35
405,404,5,2.75,4.26,6.38
405,406,5,6.56,6.17,5.36
405,488,5,2.86,3,4.4
406,405,5,6.56,8.33,9.63
406,407,5,9.15,3,5.93
406,677,3,2.46,5.92,9.45
406,682,3,6.61,15.3,3
407,406,5,9.15,5.16,5.57
407,408,5,8.83,6.66,5.21
407,687,6.5,2.46,3,5.35
407,692,6.5,7.37,3,6.91
408,407,5,8.83,3,6.68
408,409,5,5.74,3,12.84
408,689,2,3.15,6.38,3
408,694,2,6.31,10.18,9.55
409,408,5,5.74,8.78,11.29
409,410,5,10.74,5.53,7.05
409,538,5,4.22,3,5.59
409,539,5,7.66,12.21,8.18
410,409,5,10.74,7.63,3
410,411,3.5,8.97,7.25,3
410,690,2,8.44,6.26,3
410,700,2,1.91,7.8,10.33
411,410,3.5,8.97,3,7.54
411,412,3.5,8.81,10.41,9.36
411,685,6,8.76,13.2,3
411,695,6,1.91,9.96,6.71
412,411,3.5,8.81,3,3
412,413,3.5,8.62,4.61,4.43
413,412,3.5,8.62,6.04,10.18
413,414,3.5,8.43,8.22,5.84
413,730,4,9.51,7.54,4.06
413,734,4,1.87,8.79,4.32
414,413,3.5,8.43,6.91,6.67
414,415,3.5,13.12,3,3.44
414,731,3.5,9.6,3,3.72
414,735,3.5,1.91,3,3
415,414,3.5,13.12,10.05,3
415,416,3.5,18.46,3,10.11
415,727,3.5,12.73,6.5,5.7
415,733,3.5,5.27,6.25,10.01
416,415,3.5,18.46,4.75,4.92
416,417,3.5,16.78,9.31,6.2
416,726,2,6.14,7.14,9.96
416,732,2,11.85,5.84,5.74
417,416,3.5,16.78,7.08,3
417,732,3.5,24.59,6.28,7.8
417,913,3.5,9.38,3.44,3
417,926,3.5,19.56,3,3
418,419,5,16.52,7.01,6.87
418,921,2,7.01,5.41,3
418,922,2,12.76,4.68,7.09
418,923,5,31.18,6.71,3
419,418,5,16.52,26.3,7.78
419,420,5,14.44,9.3,10.09
419,739,1.5,10.24,6.95,4.3
419,743,1.5,4.88,9.6,5.42
420,419,5,14.44,8.63,8.36
420,421,5,8.91,7.49,6.42
420,751,3,7.5,3,10.03
420,752,3,2.72,10.09,3
421,420,5,8.91,9.66,7.29
421,422,5,9.76,6.59,7.66
421,753,2,4.42,3,6.24
421,754,2,5.51,3,11.3
422,421,5,9.76,9.55,9.96
422,423,5,8.43,4.67,8.66
422,762,1,1.83,4.54,7.12
422,766,1,9.15,3,3
423,422,5,8.43,5.19,5.4
423,424,5,9.3,6.59,3
423,764,1,2.09,12.83,7.42
423,767,1,10.49,6.79,10.03
424,423,5,9.3,7.83,6.99
424,425,5,9.2,13.6,6.32
424,773,1,2.05,11.29,7.83
424,777,1,9.99,3,10.78
425,424,5,9.2,7.66,3
425,426,5,4.61,7.01,3.88
425,775,2,4.43,11.96,7.81
425,779,2,5.21,8.26,7.78
426,425,5,4.61,8.27,7.25
426,427,3.5,2.86,3,5.11
426,441,5,13.21,3,6.53
427,426,3.5,2.86,6.82,3
427,428,3.5,9.73,6.31,7.77
427,594,7,2.23,6.26,3
427,779,7,7.72,3,9
428,427,3.5,9.73,6.87,6.85
428,429,3.5,2.05,3,7.42
428,431,5,2.86,4.04,8.96
429,428,3.5,2.05,7.67,3
429,430,3.5,1.8,5.48,7.34
429,593,6.5,3,10.14,6.99
429,778,6.5,7.19,6.95,3
430,429,3.5,1.8,6.78,5.35
431,428,5,2.86,4.41,12.84
431,432,5,9.66,3.34,4.65
431,593,4,2.05,10.76,3
431,597,4,7.29,7.07,8.97
432,431,5,9.66,7.28,6.98
432,433,5,7.14,4.61,13.2
432,595,4.5,5,4.74,6.59
432,599,4.5,4.69,8.86,3
433,432,5,7.14,7.09,5.45
433,434,5,6.04,10.39,6.84
433,616,9.5,8.4,6.99,4.93
433,617,9.5,2.29,4.37,6.65
434,433,5,6.04,3,6.23
434,435,5,7.82,8.67,9.95
434,618,9,9.51,7.19,3
434,619,9,1.91,3,6.46
435,434,5,7.82,3,9.6
435,436,5,5.36,10.76,3
435,552,4.5,3.93,11.12,4.11
435,554,4.5,5.28,7.8,5.41
436,435,5,5.36,3,8.96
436,437,5,8.27,10.28,4.68
436,496,9,2.86,3,6.9
437,436,5,8.27,6.28,4.3
437,438,5,11.4,6.83,6.76
437,554,4,3.11,9.49,8.22
437,556,4,9.96,3,7.09
438,437,5,11.4,10.33,3
438,439,5,6.59,10.73,3
438,535,6.5,21.27,5.14,13.1
438,536,5,5.58,10.96,3
438,540,3.5,4.52,3,8.21
439,438,5,6.59,3,4.26
439,440,5,6.95,15.3,4.73
439,614,6,7.01,6.93,7.38
439,615,6,2.33,3,8.28
440,439,5,6.95,10.93,3
440,441,5,7.32,3,3
440,612,2,7.01,3.54,9.8
440,613,2,2.59,12.03,6.58
441,426,5,13.21,7.1,3
441,440,5,7.32,3.6,4.73
441,591,6,5.61,8.03,5.11
441,596,6,3.93,3,3.89
442,443,3.5,11.79,5.49,3.89
442,898,0.5,18.75,8.19,5.14
442,899,0.5,4.63,3,3
442,929,3.5,98.65,5.32,8.04
443,442,3.5,11.79,7.62,6.6
443,444,3.5,13.59,3,3
443,897,0.5,3.03,3,5.48
443,898,0.5,11.46,3.72,10.03
444,443,3.5,13.59,9.63,3
444,445,3.5,16.29,5.66,3
445,444,3.5,16.29,5.22,8.36
445,446,3.5,20.43,8.07,7.87
445,885,1,14.21,8.64,8.39
445,886,1,4.93,3,7.28
446,445,3.5,20.43,16.5,9.8
446,447,3.5,18.86,5.53,3
446,858,8.5,4.26,6.31,7.01
446,859,8.5,14.23,3.61,5.47
447,446,3.5,18.86,3.65,6.12
447,448,3.5,12.97,3,3
447,848,4,11.44,6.61,3
447,849,4,6.49,3,3
448,447,3.5,12.97,3,8.5
448,449,5,8.97,7.39,7.63
448,664,3.5,8.26,7.66,10.79
448,665,3.5,1.97,7.22,11.24
449,448,5,8.97,7,10.87
449,450,5,5.49,3,8.5
449,662,2,7.9,3,4.54
449,663,2,2.05,3,8.67
450,449,5,5.49,10.14,10.28
450,451,5,3.93,3,4.71
450,453,5,12.17,3,5.18
450,508,5,10.56,8.17,10.44
451,450,5,3.93,3,8.03
451,452,5,6,7.11,7.32
451,654,5,6.02,5.08,3.72
451,655,5,3.68,5.28,10.9
452,451,5,6,5.73,3
452,525,5,6.47,3.29,3.56
452,652,7,6.49,9.3,14.4
452,654,7,3.4,7.66,6.59
453,450,5,12.17,4.5,13.1
453,454,3.5,27.4,7.81,9.29
453,650,0.5,7.86,3,3
453,841,0.5,2.23,5.01,7
454,453,3.5,27.4,3,9.01
454,455,3.5,9,7.53,3
454,838,3,5.96,9.55,8.44
454,840,3,3.61,9.11,6.63
455,454,3.5,9,10.39,8.01
455,456,3.5,8.79,6.85,9.99
455,833,3,6.44,10.07,15.3
455,835,3,3.55,3,6.85
456,455,3.5,8.79,3,6.14
456,457,3.5,9.55,3,10.03
456,834,5.5,5.91,6.73,8.84
456,836,5.5,3.4,9.37,6.58
457,456,3.5,9.55,3,7.72
457,458,3.5,4.75,11.62,4.8
457,829,1,9.15,3.12,3
457,831,1,2.05,3,7.48
458,457,3.5,4.75,4.27,6.31
458,459,5,4.11,7.1,5.78
458,467,3.5,16.85,3,7.39
458,468,3.5,9.27,3,3.94
459,458,5,4.11,3,9.08
459,460,3.5,15.14,3,11.62
459,832,2,3.82,3,3
459,845,2,10.91,3,6.82
460,459,3.5,15.14,11.54,7.22
460,461,3.5,20.35,3,3
460,872,3.5,14.42,3,7.19
460,875,3.5,3.3,6.89,3
461,460,3.5,20.35,3,6.66
461,462,3.5,17.39,5.17,5.53
461,874,2,7.29,7.23,7.11
461,877,2,11.81,3,3
462,461,3.5,17.39,3,6.92
462,873,1.5,9.78,3,7.37
462,876,1.5,8.22,10.51,8.04
462,927,3.5,23.18,10.79,7.67
463,464,3.5,12.49,7.19,4.34
463,928,3.5,49.96,10.1,4.5
464,463,3.5,12.49,3,3
464,465,3.5,23.42,5.91,3
464,883,2,8.36,5.91,26.3
464,884,2,10.08,6.5,4.68
465,464,3.5,23.42,4.68,8.07
465,466,3.5,18.01,6.68,8.32
465,862,3.5,13.42,3.29,3
465,881,3.5,4.63,6.55,9.96
466,465,3.5,18.01,9.76,11.62
466,467,3.5,17.21,12.12,7.2
466,855,5,6.31,9.96,6.73
466,862,5,11.92,9.48,6.18
467,458,3.5,16.85,13,10.03
467,466,3.5,17.21,3,3
467,845,2.5,6.61,3,10.09
467,855,2.5,11.38,3,3
468,458,3.5,9.27,7.97,7.16
468,469,3.5,9.55,3,8.02
468,829,2.5,5,3,3
468,830,2.5,4.52,3,8.21
469,468,3.5,9.55,4.52,7.75
469,470,3.5,8.83,4.04,3
469,819,3,1.98,7.94,7.11
469,824,3,10.62,6.24,4.34
470,469,3.5,8.83,6.74,3.66
470,471,3.5,12.43,3,3
470,817,1,1.84,9.49,8.04
470,822,1,9.59,6.39,6.96
471,470,3.5,12.43,9.15,6.04
471,472,3.5,9.52,3,10.52
471,815,3,9.73,8.96,5.05
471,816,3,1.97,10.5,7.62
472,471,3.5,9.52,3,5.61
472,473,5,4.67,3.95,9.38
472,813,3,5.61,8.87,3.53
472,815,3,4.34,9.33,5.82
473,472,5,4.67,3,3
473,474,5,8.97,10.72,3
473,475,5,8.77,10.06,3.78
473,707,1,11.56,5.35,4.98
473,813,1,2.23,3,8.8
474,473,5,8.97,12.5,14
474,538,5,8.97,8.66,15.3
474,701,3.5,2.46,6.81,3
474,706,3.5,7.24,3,5.55
475,473,5,8.77,6.9,3
475,476,5,4.59,9.76,6.02
475,706,3.5,7.56,6.38,8.36
475,707,3.5,3.53,6.63,6.4
476,475,5,4.59,7.97,3
476,477,5,10.15,3,10.63
476,705,3.5,6.85,5.84,3
476,707,3.5,3.55,5.61,13.3
477,476,5,10.15,3.59,4.75
477,478,6.5,6.89,3,8.49
477,503,6.5,2.38,7.47,3
477,504,6.5,2.62,3,5.48
478,477,6.5,6.89,8.97,7.18
478,479,6.5,9.06,5.61,7.83
478,633,5.5,5.91,10.02,3
478,703,5.5,3.94,10.67,7.97
479,478,6.5,9.06,5.4,17.7
479,480,6.5,3.52,6.91,7.35
479,629,3,6.71,7.52,4.48
479,693,3,2.89,7.88,7.69
480,479,6.5,3.52,10.51,3
480,481,5,3.88,6.5,10.78
480,483,5,4.58,9.73,9.1
480,484,5,5.4,3.94,9.87
480,486,6.5,5.68,9.74,7.52
481,480,5,3.88,6.31,5.73
481,482,5,1.46,10.63,10.59
481,483,6.5,3.3,6.52,3
481,691,6.5,6.93,3.49,6.64
482,481,5,1.46,9.55,9.94
483,480,5,4.58,5.35,8.22
483,481,6.5,3.3,3,3
483,539,5,9.23,7.26,6.65
483,693,6.5,2.05,6.58,3
484,480,5,5.4,3,3
484,485,5,8.97,10.14,7.97
484,627,6,5.21,10.51,4.43
484,629,6,4.59,4.62,9.48
485,484,5,8.97,3,7.12
485,489,5,7.32,9.03,6.02
485,626,6.5,5.27,10.94,3
485,628,6.5,4.09,11.02,6.97
486,480,6.5,5.68,3,3
486,535,6.5,0.75,7.27,3
486,627,6.5,6.31,6.66,8.44
486,691,6.5,3.2,6.65,3
487,488,5,7.21,8.97,3
487,535,6.5,10.49,3,11.47
487,681,3,4.93,3,3
487,682,3,4.52,9.74,6.21
488,405,5,2.86,6.24,6.79
488,487,5,7.21,5.65,6.8
488,680,2.5,6.89,3,10.28
488,682,2.5,3.05,8.85,3
489,485,5,7.32,12.83,12.5
489,490,6.5,2.93,11.24,3.64
489,630,3.5,5.18,8.68,11.26
489,631,3.5,5.31,6.08,3
490,489,6.5,2.93,12.68,11.14
490,491,6.5,7.2,7.34,5.72
490,557,5,7.31,5.84,3
490,631,5,3.6,6.12,8.9
491,490,6.5,7.2,3,4.74
491,492,6.5,7.9,6.76,7.88
491,558,6.5,7.04,3,5.41
491,559,6.5,2.21,7.18,3
492,491,6.5,7.9,3,4.48
492,493,6.5,2.98,5.33,6.07
492,561,9,6.59,10.89,8.17
492,562,9,2.21,5.22,3
493,492,6.5,2.98,6.09,5.17
493,494,6.5,5.73,10.67,10.12
493,497,6.5,4.22,6.53,3
493,562,14.5,1.73,10.82,3
493,564,14.5,5.48,6.83,6.31
494,493,6.5,5.73,9.99,7.83
494,495,9,7.76,4.8,3
494,561,10,2.02,3,7.42
494,563,10,6.61,3,9.38
495,494,9,7.76,4.3,8.15
495,496,9,7.12,3,5.13
495,551,7,9.81,5.36,3
495,560,7,1.84,3,8.71
496,436,9,2.86,9,10.8
496,495,9,7.12,3,7.28
496,553,6,4.41,7.09,6.97
496,556,6,2.95,6.87,8.81
497,493,6.5,4.22,7.01,3
497,498,6.5,1.74,6.46,11.87
498,497,6.5,1.74,16.6,7.77
498,499,5,3.77,6.97,13.6
498,533,6.5,3.68,7.36,6.19
499,498,5,3.77,6.73,5.14
499,500,5,7.82,3,3
499,567,12.5,4.58,7.55,7.18
499,569,12.5,3.15,10.06,7.69
500,499,5,7.82,3.75,3
500,501,5,9.92,9.64,3
500,566,4.5,4.63,4.68,11.33
500,570,4.5,2.01,3,5.08
501,500,5,9.92,3,6.87
501,502,5,9.58,8.88,7.56
501,571,5.5,3.37,3,3
501,636,5.5,3.2,8.17,3
502,501,5,9.58,7.14,3
502,503,6.5,9.99,3.89,12.12
502,632,1.5,4.93,8.28,7.32
502,634,1.5,4.76,7.31,8.64
503,477,6.5,2.38,7.01,3
503,502,6.5,9.99,7.89,3
503,504,7,1.1,4.58,7.45
503,633,7,9.15,6.99,9.15
504,477,6.5,2.62,4.82,8.9
504,503,7,1.1,16.6,7.28
504,505,6.5,9.69,3,3.88
504,635,7,2.13,3,6.53
505,504,6.5,9.69,6.39,8.15
505,506,6.5,6.7,6.87,3
505,634,6,5.38,8.74,4.75
505,639,6,4.18,6.9,4.69
506,505,6.5,6.7,3,4.51
506,507,5,10.74,8.67,6.61
506,639,5,2.59,5.91,9.58
506,644,5,7.24,5.74,7.66
507,506,5,10.74,3,4.27
507,508,5,21.22,6.29,3
507,578,1.5,15.47,9.26,3
507,646,1.5,0.82,6.51,3.81
508,450,5,10.56,7.3,9.45
508,507,5,21.22,6.62,7.21
508,509,5,5.68,5.33,14.2
509,508,5,5.68,9.72,3.94
509,510,5,8.97,3,7.23
509,659,5,3.3,10.87,6.65
509,667,5,6.49,3.74,6.86
510,509,5,8.97,3,3
510,511,5,0.73,8.33,10.76
510,658,4,3.15,3,6.01
510,666,4,6.66,3,6.38
511,510,5,0.73,11.29,5.66
511,512,5,6.22,8.04,9.84
511,521,5,8.6,8.18,6.39
511,522,5,12.82,10.89,3
512,511,5,6.22,7.63,6.99
512,513,5,10.29,12.61,12.32
512,661,2,3.3,6.61,7.17
512,670,2,10.26,3,4.04
513,512,5,10.29,6.99,3
513,514,5,14.66,6.9,6.59
513,902,3.5,9.42,7.2,7
513,905,3.5,17.69,3,7.63
514,513,5,14.66,9.74,7.37
514,515,5,12.08,5.98,10.78
514,903,3,7.69,13.1,7.22
514,905,3,20.15,3,8.33
515,514,5,12.08,3,8.39
515,516,5,15.86,4.69,4.64
515,534,3.5,4.49,9.49,4.7
515,544,3.5,0.92,3,8.19
515,932,5,31.33,10.48,3
516,515,5,15.86,10.07,12.21
516,517,3.5,19.76,3,8.06
516,903,6,21.64,5.65,8.17
516,906,6,3.36,11.98,3
517,516,3.5,19.76,7.12,7.21
517,518,3.5,21.57,6.58,3
517,908,2.5,4.93,3,6.78
517,909,2.5,12.94,3.53,6.79
518,517,3.5,21.57,6.46,3
518,911,3.5,10.88,6.63,3
518,912,3.5,6.5,6.55,6.79
518,930,3.5,115.07,3.65,7.03
519,520,5,2.05,3,3
519,521,5,7.52,7.37,5.24
519,668,2,1.07,3,3
519,670,2,9.63,5.7,8.17
520,519,5,2.05,3,3
521,511,5,8.6,3,3.75
521,519,5,7.52,5.16,11.26
521,666,1.5,2.38,6.67,5.98
521,670,1.5,8.18,10.95,9.3
522,511,5,12.82,11.17,6.52
522,523,5,17.11,3,9.96
523,522,5,17.11,7.12,3
523,530,5,6.22,3,5.78
523,545,5,0.18,6.08,10.31
524,525,5,8.83,5.42,10.18
524,545,5,11.15,3,4.04
524,578,5.5,8.24,8.77,6.93
524,647,5.5,2.41,3,3
525,452,5,6.47,7.14,3
525,524,5,8.83,6.9,8.1
525,652,5,3.2,10.41,3
525,657,5,6.71,6.21,9.96
526,527,3.5,16.11,5.57,6.92
526,528,5,25.78,7.63,6.73
526,541,3.5,1.32,3,6.91
526,546,3.5,8.81,3,7.42
527,526,3.5,16.11,3.45,10.52
527,542,3.5,1.84,5.03,5.05
527,543,3.5,10.99,3,3
527,546,3.5,9.74,7.27,3
528,526,5,25.78,4.5,5.45
528,529,6.5,3.92,6.63,4.82
528,573,4,7.17,3,3
528,575,4,3.44,3,8.64
529,528,6.5,3.92,8.05,7.27
529,530,6.5,5.68,6.98,10.11
529,531,6.5,3.37,3,10.05
530,523,5,6.22,7.12,3
530,529,6.5,5.68,6.26,3
530,575,5,7.55,7.07,6.81
530,577,5,2.46,7.45,7.5
531,529,6.5,3.37,5.84,3
531,532,6.5,4.21,6.18,3
531,573,3.5,2.23,3,6.53
531,574,3.5,6.75,12.38,10.7
532,531,6.5,4.21,7.18,6.87
532,533,6.5,3.66,3,11.14
532,569,5,4.37,8.23,6.75
532,574,5,5.13,3.88,3
533,498,6.5,3.68,7.21,7.18
533,532,6.5,3.66,9.76,7.68
533,568,5,4.47,10.62,9.38
533,569,5,2.56,13.6,6.71
534,515,3.5,4.49,6.93,3
534,543,3.5,8.87,6.24,14
534,933,3.5,18.32,8.15,10.77
535,438,6.5,21.27,7.32,3
535,486,6.5,0.75,3,3
535,487,6.5,10.49,3,8.96
536,438,5,5.58,3,3
536,537,5,8.84,7.78,7.01
536,615,2,5.24,6.66,7.39
537,399,5,11.8,9.34,3.65
537,536,5,8.84,9.94,9.74
537,608,5.5,8.08,6.98,3
537,610,5.5,1.87,6.2,6.44
538,409,5,4.22,7.66,7.8
538,474,5,8.97,8.37,3
538,699,8,2.13,6.29,9.96
538,704,8,10.12,3,7.66
539,409,5,7.66,6.9,5.66
539,483,5,9.23,4.26,6.95
539,694,5,3.45,5.41,3
539,704,5,6.43,8.18,7.5
540,438,3.5,4.52,3,7.94
540,583,3,2.23,5.08,6.18
540,622,3,6.14,9.51,4.3
541,526,3.5,1.32,3,3
541,582,2.5,8.74,6.81,6.99
541,902,2.5,11.32,5.92,6.9
542,527,3.5,1.84,13.3,7.49
542,902,10.5,6.5,6.95,6.16
542,903,10.5,12.64,4.3,3
543,527,3.5,10.99,3,10.02
543,534,3.5,8.87,11.26,9.01
543,903,3.5,2.72,10.13,6.65
544,515,3.5,0.92,11.94,6.18
544,903,5,9.85,6.99,3
544,904,5,7.56,7.18,4.52
545,523,5,0.18,6.61,6.81
545,524,5,11.15,9.14,5.68
545,577,4,5.51,3,10.46
545,580,4,3.31,6.79,6.91
546,526,3.5,8.81,6.67,3.62
546,527,3.5,9.74,3,4.11
547,1,49.5,2.59,5.77,3
547,548,3,4.01,5.78,3
547,549,4.5,7.15,8.56,3
547,621,5.5,4.75,3,4.5
548,2,49.5,2.59,12.32,7.18
548,547,3,4.01,7.87,7.94
548,550,7,8.18,3,4.61
548,552,3,7.31,6.58,7.29
548,618,7.5,5.86,6.99,9.27
549,3,49.5,2.59,4.44,7.89
549,547,4.5,7.15,6.95,3
549,550,5,4.72,3,7.12
549,551,15.5,9.33,7.28,8.26
550,4,49.5,2.59,3.66,3
550,548,7,8.18,3,11.94
550,549,5,4.72,4.22,3
550,551,7,8.56,6.95,11.98
550,552,2,9.8,3,3
550,553,3.5,5.54,8.22,6.38
550,560,3.5,7.86,3,5.81
551,5,49.5,2.59,6.95,12.06
551,495,7,9.81,9.37,10.48
551,549,15.5,9.33,7.87,3
551,550,7,8.56,3,10.31
551,563,20,6.66,3,4.58
552,6,49.5,2.59,3,9.08
552,435,4.5,3.93,8.44,3
552,548,3,7.31,6.95,7.16
552,550,2,9.8,6.99,4.26
552,553,8.5,6.63,6.19,5.55
552,618,5,7.95,7.39,8.23
552,619,9.5,9.26,4.67,7.08
553,7,49.5,2.59,6.96,9.73
553,496,6,4.41,3,5.65
553,550,3.5,5.54,6.38,7.21
553,552,8.5,6.63,3,6.49
553,560,7.5,6.49,7.35,7.83
554,8,49.5,2.59,10.79,8.76
554,435,4.5,5.28,5.81,3
554,437,4,3.11,3,7.07
554,614,3.5,9.07,5,10.01
554,619,2.5,8.4,6.74,3
554,622,2,11.2,5.49,3
554,625,7,5.53,5.9,3.72
555,9,49.5,2.59,4.43,3.64
555,556,7.5,9.19,10.99,7.67
555,622,4.5,9.41,5.98,3
555,624,5.5,4.83,4.73,5.81
555,625,13.5,3.31,9.45,6.97
556,10,49.5,2.59,7.97,3
556,437,4,9.96,7.2,4.68
556,496,6,2.95,3,6.68
556,555,7.5,9.19,3,5.91
556,557,6.5,8.61,7.08,10.93
556,560,4.5,7.9,3,5.92
556,624,1,11.56,6.85,7.42
557,11,49.5,2.59,9.66,8.72
557,490,5,7.31,3,9.87
557,556,6.5,8.61,7.29,9.36
557,558,5,5.6,3.56,12.28
557,559,5.5,8.09,3,7.11
557,624,2,13.35,8.07,7.3
557,630,8.5,5.15,10.9,3
558,12,49.5,2.59,14.4,7.66
558,491,6.5,7.04,6.79,3
558,557,5,5.6,10.52,8.6
558,560,4,5.96,7,5.32
558,561,10,6.96,11.29,13.3
559,13,49.5,2.59,8.77,3
559,491,6.5,2.21,3.88,7.39
559,557,5.5,8.09,6.99,4.3
559,562,12,7.9,7.67,3
559,566,7.5,6.42,5.84,12.24
559,631,5,9.8,5.62,10.89
560,14,49.5,2.59,6.9,10.62
560,495,7,1.84,3,3.65
560,550,3.5,7.86,7.19,6.63
560,553,7.5,6.49,3,4.27
560,556,4.5,7.9,3,11.33
560,558,4,5.96,7.5,7.49
560,561,11,7.38,6.45,6.46
561,15,49.5,2.59,7.17,9.49
561,492,9,6.59,8,3
561,494,10,2.02,3,10.94
561,558,10,6.96,6.86,12.83
561,560,11,7.38,6.81,10.64
562,16,49.5,2.59,7.75,8.42
562,492,9,2.21,7.18,6.9
562,493,14.5,1.73,12.32,5.84
562,559,12,7.9,7.28,3
562,563,0.5,7.13,5.72,5.72
562,567,12,4.41,3,8.88
563,17,49.5,2.59,3,3
563,494,10,6.61,5.84,5
563,551,20,6.66,8.81,6.9
563,562,0.5,7.13,3,8.59
563,564,24,4.53,10.28,7.77
564,18,49.5,2.59,5.98,3
564,493,14.5,5.48,8.65,7.43
564,563,24,4.53,3,8.18
564,565,14,4.45,3,9.34
565,19,49.5,2.59,6.83,6.78
565,564,14,4.45,7.22,5.32
565,568,12,4.61,10.89,7.39
565,569,6.5,9.12,7.75,5.22
566,20,49.5,2.59,7.67,3
566,500,4.5,4.63,3,6.81
566,559,7.5,6.42,3,9.06
566,567,5,7.65,6.74,5.23
566,631,2,8.67,3,10.67
567,21,49.5,2.59,3.62,3
567,499,12.5,4.58,9.33,3
567,562,12,4.41,3.53,3
567,566,5,7.65,6.49,7.89
568,22,49.5,2.59,6.93,7.67
568,533,5,4.47,3,7
568,565,12,4.61,6.26,9.99
568,574,17.5,6.17,5.62,3
569,23,49.5,2.59,3,8.17
569,499,12.5,3.15,9.08,3
569,532,5,4.37,5.11,3
569,533,5,2.56,14,6.63
569,565,6.5,9.12,3,8.42
569,570,9,7.92,7.21,3
569,572,3.5,11.16,6.65,6.17
569,573,6,9.17,4.56,9.66
570,24,49.5,2.59,3,7.28
570,500,4.5,2.01,11.98,3
570,569,9,7.92,4.37,5.68
570,571,3,10.51,8.79,3
570,572,5.5,7.52,7.09,12.25
571,25,49.5,2.59,8.93,3
571,501,5.5,3.37,8.1,3
571,570,3,10.51,10.69,10.48
571,572,6,9.27,13.3,11.07
571,631,2,11.54,3,3.52
571,632,2.5,9.68,10.86,6.66
571,634,2,11.32,7.01,5.28
571,637,3.5,6.43,11.33,6.9
572,26,49.5,2.59,5.51,11.12
572,569,3.5,11.16,3,7.43
572,570,5.5,7.52,3.54,3
572,571,6,9.27,5.11,3
572,573,6.5,7.9,7.12,16.5
572,576,8.5,7.14,3,7.55
572,637,2.5,10.89,7.68,7.88
573,27,49.5,2.59,3,7.09
573,528,4,7.17,7.14,8.86
573,531,3.5,2.23,7.39,6.73
573,569,6,9.17,7.16,3
573,572,6.5,7.9,4.36,7.75
573,577,6.5,8.81,7.35,10.86
574,28,49.5,2.59,3,8.97
574,531,3.5,6.75,6.82,6.65
574,532,5,5.13,6.65,5.42
574,568,17.5,6.17,5.7,6.42
574,575,16,8.79,7.8,7.8
575,29,49.5,2.59,3,6.68
575,528,4,3.44,3,9.09
575,530,5,7.55,5.48,3
575,574,16,8.79,7,9.11
575,580,4,10.96,3,8.71
575,581,15,7.87,8.43,7.22
576,30,49.5,2.59,10.36,3
576,572,8.5,7.14,4.81,7.68
576,577,2,9.1,7.35,3
576,578,2,10.33,9.1,27.9
576,637,4,9.77,11.24,3
576,643,3,4.97,6.38,6.51
577,31,49.5,2.59,3,7.28
577,530,5,2.46,3.37,3
577,545,4,5.51,8.06,6.59
577,573,6.5,8.81,9.24,3.88
577,576,2,9.1,9.84,12.24
577,578,8,7.54,8.88,5.19
578,32,49.5,2.59,5.86,3
578,507,1.5,15.47,3.72,10.46
578,524,5.5,8.24,9.48,3
578,576,2,10.33,5.78,4.58
578,577,8,7.54,3,4.22
578,579,2,10.56,8.5,6.72
578,580,2.5,9.15,9.36,16.6
578,643,12,6.96,11.23,6.33
578,645,6,9.45,6.17,6.95
579,33,49.5,2.59,11.59,15.3
579,578,2,10.56,7,7.53
579,580,7.5,7.69,6.65,11.23
579,582,1.5,10.26,6.59,7.69
579,647,5.5,6.8,3,3.54
579,656,3,10.48,3,6.91
580,34,49.5,2.59,3,3
580,545,4,3.31,3,12.83
580,575,4,10.96,10.03,7.66
580,578,2.5,9.15,3,11.98
580,579,7.5,7.69,3,12.71
580,581,1,10.96,8.32,3
580,582,3.5,10.89,6.98,11.33
581,35,49.5,2.59,7.83,7.09
581,575,15,7.87,3,5.48
581,580,1,10.96,6.97,5.62
581,582,7.5,10.99,6.68,6.76
582,36,49.5,2.59,7.14,9.48
582,541,2.5,8.74,3,3.29
582,579,1.5,10.26,3,8.43
582,580,3.5,10.89,8.88,9.81
582,581,7.5,10.99,7.55,3
582,660,3.5,12.22,6.23,3
583,37,49.5,2.59,8.4,6.79
583,540,3,2.23,9.82,3
584,38,49.5,2.59,8.31,6.95
584,394,0.5,14.32,3,5.39
584,395,3.5,11.62,7.18,6.36
584,586,4,13.25,6.92,10.64
584,588,2.5,13.67,4.75,9.33
584,605,1.5,15.74,10.13,14.4
584,710,1,14.13,9.94,6.69
584,712,2,14.12,7.07,4.33
584,768,5,17.93,4.06,7.93
584,808,0.5,18.81,6.99,6.5
585,39,49.5,2.59,3,7.18
585,401,6,3,4.92,15.3
585,586,3,9.15,7.7,6.19
585,587,6,8.78,6.78,3
585,771,3,9.15,3.63,3
586,40,49.5,2.59,7.28,7.25
586,584,4,13.25,3,8.74
586,585,3,9.15,3,10.25
586,588,5.5,8.79,4.67,6.31
586,772,3,8.6,6.93,3
587,41,49.5,2.59,3,3
587,400,0.5,3.03,7.97,6.98
587,585,6,8.78,13.6,3
587,588,6,8.97,3,3
587,592,6.5,8.61,3,3
587,604,3.5,8.68,5.55,7.09
588,42,49.5,2.59,7.94,7.58
588,397,3,7.5,6.95,4.41
588,584,2.5,13.67,3,5.08
588,586,5.5,8.79,6.95,3
588,587,6,8.97,9.3,3
589,43,49.5,2.59,7.94,8.85
589,590,4.5,8.97,8.5,7.35
589,591,5.5,8.6,6.23,6.17
589,594,1.5,8.79,7.63,6.49
589,775,2.5,9.52,3,9.96
590,44,49.5,2.59,8.59,7.12
590,401,6,6.66,10.8,3
590,589,4.5,8.97,9.45,6.84
590,592,10,9.15,7.35,7.39
590,776,7.5,9.33,8.19,3
591,45,49.5,2.59,6.9,3
591,441,6,5.61,14.3,3
591,589,5.5,8.6,7.91,3
591,592,5.5,9.16,5.95,3
591,608,3.5,8.98,7.7,6.52
591,613,5,8.18,6.59,3.6
592,46,49.5,2.59,3,10.67
592,587,6.5,8.61,10.87,3
592,590,10,9.15,10.01,10.02
592,591,5.5,9.16,6.66,3
592,608,4,8.29,3,3
592,609,2.5,8.44,6.63,10.89
593,47,49.5,2.59,8.36,4.61
593,429,6.5,3,7.37,7.58
593,431,4,2.05,10.52,13.6
593,594,6.5,8.78,12.23,6.5
593,595,3.5,8.79,5.62,3
594,48,49.5,2.59,6.36,6.35
594,427,7,2.23,5.72,3
594,589,1.5,8.79,8.96,9.87
594,593,6.5,8.78,9.51,10.86
594,596,3,8.78,10.99,8.64
595,49,49.5,2.59,6.04,5.78
595,432,4.5,5,17.7,3.3
595,593,3.5,8.79,3,5.17
595,596,3.5,8.6,3,8.88
595,612,1.5,8.94,7.44,5.95
595,617,2,8.02,12.25,5.11
596,50,49.5,2.59,10.03,3
596,441,6,3.93,6.9,4.44
596,594,3,8.78,6.84,6.71
596,595,3.5,8.6,3,6.9
596,612,3,8.1,10.03,7.39
596,613,0.5,8.94,23,3
597,51,49.5,2.59,5.53,3
597,431,4,7.29,10.86,3
597,599,3.5,8.7,6.14,3
597,778,0.5,12.41,12.25,8.27
598,52,49.5,2.59,3,3
598,599,6.5,7.72,7.11,10.39
598,616,2.5,6.34,7.81,4.88
598,620,3.5,5.57,7.09,7.34
599,53,49.5,2.59,12.84,9.49
599,432,4.5,4.69,3,3
599,597,3.5,8.7,10.09,3
599,598,6.5,7.72,10.67,3
599,616,3,8.19,7.34,8.31
599,617,1.5,8.6,3,8.37
600,54,49.5,2.59,4.5,5.36
600,395,3.5,2.49,10.03,6.99
600,601,1.5,9.16,3,6.73
600,602,6,7.87,3,6.97
600,605,5,8.6,3,4.37
601,55,49.5,2.59,9.72,3
601,394,0.5,1.69,4.67,7.32
601,600,1.5,9.16,5.61,3
601,603,1.5,7.5,7.7,8.87
601,716,3,8.78,8.64,7.49
602,56,49.5,2.59,9.96,3
602,600,6,7.87,3,6.73
602,603,4,9.15,3,6.31
602,607,3,8.62,9.57,7.39
602,671,3.5,8.61,6.49,10.52
603,57,49.5,2.59,3,5.73
603,601,1.5,7.5,9.03,6.5
603,602,4,9.15,3,3
603,672,2,9.15,3,7.42
603,718,1,8.97,9.27,3
604,58,49.5,2.59,3.29,4.48
604,397,3,3.31,7.42,3
604,399,7,5.1,8.79,7.48
604,587,3.5,8.68,6.91,3
604,605,3.5,8.61,3,7.92
604,606,3.5,7.5,7.81,10.89
605,59,49.5,2.59,7.53,6.84
605,584,1.5,15.74,9.24,3
605,600,5,8.6,7.7,6.93
605,604,3.5,8.61,4.41,5.9
605,607,2,7.5,8.11,8.84
606,60,49.5,2.59,6.92,5.11
606,403,1.5,3.61,6.01,7.97
606,604,3.5,7.5,3,6.85
606,607,3.5,8.61,11.7,10.87
606,675,3.5,9.34,8.65,6.66
607,61,49.5,2.59,9.49,4.37
607,602,3,8.62,3,6.83
607,605,2,7.5,7.17,3
607,606,3.5,8.61,5.92,3
607,676,0.5,9.33,6.04,3
608,62,49.5,2.59,3,3
608,537,5.5,8.08,14.4,6.85
608,591,3.5,8.98,3,5.89
608,592,4,8.29,6.79,7.3
608,609,6.5,8.42,6.84,4.51
608,613,4.5,8.6,6.97,9.24
609,63,49.5,2.59,3,9.45
609,399,7,4.09,3,3
609,400,0.5,7.52,3,3
609,592,2.5,8.44,3,7.52
609,608,6.5,8.42,13.3,9.15
609,611,3,7.51,6.92,6.26
610,64,49.5,2.59,7.09,4.88
610,537,5.5,1.87,9.74,10.79
610,611,6.5,8.24,11.12,6.87
610,615,8.5,8.8,10.25,9.03
610,679,6.5,9.15,3,8.8
611,65,49.5,2.59,10.71,5.7
611,403,1.5,5.79,11.33,7.53
611,609,3,7.51,7.73,6.79
611,610,6.5,8.24,7.63,3
611,680,4.5,8.79,3,7.48
612,66,49.5,2.59,7.09,3
612,440,2,7.01,6.73,3
612,595,1.5,8.94,6.8,6.25
612,596,3,8.1,8.84,7.17
612,614,5.5,6.95,8.03,5.62
612,617,5,8.79,6.45,3
613,67,49.5,2.59,6.08,23
613,440,2,2.59,3,10.87
613,591,5,8.18,6.52,3
613,596,0.5,8.94,5.53,7.12
613,608,4.5,8.6,3,9.48
613,615,10,7.14,3,3
614,68,49.5,2.59,3,3
614,439,6,7.01,7.93,10.06
614,554,3.5,9.07,7.1,8.63
614,612,5.5,6.95,4.05,7.12
614,619,3.5,9.03,3,3
614,622,4,10.24,4.22,6.83
615,69,49.5,2.59,7.49,9.63
615,439,6,2.33,6.31,3
615,536,2,5.24,6.32,8.67
615,610,8.5,8.8,10.03,5.41
615,613,10,7.14,7.05,14.2
615,622,4,9.45,7.63,3
616,70,49.5,2.59,7.28,27.9
616,433,9.5,8.4,3,4.41
616,598,2.5,6.34,8.66,3
616,599,3,8.19,9.64,11.3
616,618,6.5,5.68,5.07,6.94
616,620,5.5,5.68,3,8.02
617,71,49.5,2.59,6.31,4.26
617,433,9.5,2.29,5.24,8.67
617,595,2,8.02,6.44,3
617,599,1.5,8.6,6.73,6.95
617,612,5,8.79,11.29,7.26
617,619,10.5,6.04,7.58,8.09
618,72,49.5,2.59,4.98,9.05
618,434,9,9.51,9.33,3
618,548,7.5,5.86,7.76,8.22
618,552,5,7.95,5.78,5.16
618,616,6.5,5.68,3,10.72
618,621,3.5,6.26,24.8,6.63
619,73,49.5,2.59,3,6.26
619,434,9,1.91,3.58,5.33
619,552,9.5,9.26,5.68,7.48
619,554,2.5,8.4,3,6.84
619,614,3.5,9.03,3,5.53
619,617,10.5,6.04,10.78,3
620,74,49.5,2.59,6.97,7.63
620,598,3.5,5.57,7.56,3
620,616,5.5,5.68,4.05,5.07
620,621,3,4.21,3,3.75
621,75,49.5,2.59,6.79,3.88
621,547,5.5,4.75,7.29,6.74
621,618,3.5,6.26,14,7.37
621,620,3,4.21,6.36,8.1
622,76,49.5,2.59,13.6,10.02
622,540,3,6.14,7.01,3
622,554,2,11.2,12.21,8.63
622,555,4.5,9.41,3,5.85
622,614,4,10.24,6.59,9.06
622,615,4,9.45,6.85,7.01
622,623,3.5,9.69,3,8.59
622,625,2.5,8.22,3.52,5.62
623,77,49.5,2.59,7.3,3
623,622,3.5,9.69,3,3
623,624,6.5,8.83,11.07,5.77
623,627,5.5,9.15,8.92,8.38
623,681,4,8.63,8.66,4.88
624,78,49.5,2.59,3,3
624,555,5.5,4.83,5.24,6.29
624,556,1,11.56,7.35,6.91
624,557,2,13.35,8.92,6.31
624,623,6.5,8.83,7.49,10.86
624,626,9.5,8.07,3,3
625,79,49.5,2.59,6.9,7.39
625,554,7,5.53,10.7,3
625,555,13.5,3.31,8.28,3
625,622,2.5,8.22,3.62,9.87
626,80,49.5,2.59,6.88,12
626,485,6.5,5.27,3,6.79
626,624,9.5,8.07,3,11.59
626,627,13,9.15,5.91,7.8
626,630,11,6.22,10.18,10.99
627,81,49.5,2.59,4.68,3
627,484,6,5.21,6.83,6.61
627,486,6.5,6.31,7.12,9.3
627,623,5.5,9.15,6.9,3
627,626,13,9.15,5.56,3
628,82,49.5,2.59,4.32,6.58
628,485,6.5,4.09,4.48,8.74
628,629,6,8.62,8.31,3
628,631,6.5,9.33,6.33,18.9
628,632,5,8.98,3,7.55
629,83,49.5,2.59,3,3
629,479,3,6.71,6.95,4.87
629,484,6,4.59,4.05,5.53
629,628,6,8.62,8.86,11.61
629,633,6,8.79,9.1,3
630,84,49.5,2.59,6.95,6.6
630,489,3.5,5.18,6.51,9.3
630,557,8.5,5.15,11.33,5.84
630,626,11,6.22,9.55,6.84
631,85,49.5,2.59,7.67,5.12
631,489,3.5,5.31,8.61,6.09
631,490,5,3.6,7,7.01
631,559,5,9.8,3,6.93
631,566,2,8.67,5.61,3
631,571,2,11.54,10.99,6.35
631,628,6.5,9.33,3.88,7.75
631,636,6.5,6.6,6.94,4.36
632,86,49.5,2.59,6.8,8.72
632,502,1.5,4.93,3,5.85
632,571,2.5,9.68,3,3
632,628,5,8.98,3,6.66
632,633,8,8.79,3,6.95
632,636,2.5,8.75,3,10.21
633,87,49.5,2.59,14.4,5.95
633,478,5.5,5.91,4.68,6.73
633,503,7,9.15,5.63,3
633,629,6,8.79,3,7.29
633,632,8,8.79,8.63,3
634,88,49.5,2.59,3,3
634,502,1.5,4.76,6.95,3
634,505,6,5.38,5.11,6.32
634,571,2,11.32,3,8.28
634,635,3.5,8.79,11.59,6.65
634,637,4.5,8.78,7.37,7.56
635,89,49.5,2.59,7,5.02
635,504,7,2.13,6.71,3
635,634,3.5,8.79,3,4.36
635,640,1,8.79,9.26,5.57
635,705,5.5,8.78,7.18,6.74
636,90,49.5,2.59,8.74,9.11
636,501,5.5,3.2,7.8,3
636,631,6.5,6.6,6.31,6.66
636,632,2.5,8.75,9.99,4.5
637,91,49.5,2.59,3,8.31
637,571,3.5,6.43,8.02,6.51
637,572,2.5,10.89,9.87,9.24
637,576,4,9.77,6.83,6.99
637,634,4.5,8.78,8.36,3
637,644,5,8.61,4.26,7.44
638,92,49.5,2.59,7.19,3
638,640,1.5,16.44,5.98,7.13
638,642,3,13.42,7.99,7.43
638,707,2.5,9.73,3.3,6.52
638,815,2,13.18,3.94,6.94
638,825,1,9.1,7.29,9.1
638,826,1.5,9,3,3
639,93,49.5,2.59,6.91,7.34
639,505,6,4.18,7.09,3
639,506,5,2.59,14,6.71
639,640,3,8.79,7.09,10.03
639,641,8.5,9.15,8.56,10.02
640,94,49.5,2.59,3,4.56
640,635,1,8.79,12.71,3
640,638,1.5,16.44,3,9.34
640,639,3,8.79,6.68,7.39
640,642,2,8.79,3,3
641,95,49.5,2.59,7.53,3
641,639,8.5,9.15,6.45,3
641,642,6.5,8.6,7.3,3
641,646,7,8.79,7.39,7.92
641,648,0.5,8.97,3,7.31
642,96,49.5,2.59,5.79,3
642,638,3,13.42,4.48,5.01
642,640,2,8.79,7.66,3
642,641,6.5,8.6,6.84,6.95
642,649,2,9.16,7.82,5.86
643,97,49.5,2.59,8.76,6.14
643,576,3,4.97,5.32,7.51
643,578,12,6.96,8.77,6.71
643,644,8,8.72,10.44,12.98
644,98,49.5,2.59,3.54,3
644,506,5,7.24,3,6.82
644,637,5,8.61,6.73,10.86
644,643,8,8.72,3,7.37
644,646,5.5,8.97,3,6.45
645,99,49.5,2.59,6.87,7.66
645,578,6,9.45,4.74,6.04
645,646,6,9.3,5.02,7.19
645,647,10,7.52,5.9,6.73
645,652,10,7.15,10.9,9.94
646,100,49.5,2.59,3,8.66
646,507,1.5,0.82,10.5,13.6
646,641,7,8.79,6.38,3
646,644,5.5,8.97,10.33,10.95
646,645,6,9.3,5.35,9.63
646,653,4.5,8.79,3,6.85
647,101,49.5,2.59,3,3
647,524,5.5,2.41,6.98,7.09
647,579,5.5,6.8,3,3
647,645,10,7.52,3,10.52
647,657,3.5,6.54,3,7.01
648,102,49.5,2.59,6.95,3
648,641,0.5,8.97,9.66,3
648,649,3,8.42,8.71,3
648,650,3.5,8.8,7.38,7.28
648,653,5,8.98,3,8.63
649,103,49.5,2.59,6.96,14.3
649,642,2,9.16,3,3
649,648,3,8.42,3.6,3
649,651,2,8.79,3,13.1
649,825,1.5,9.15,3,7.78
650,104,49.5,2.59,3,3
650,453,0.5,7.86,9,7.39
650,648,3.5,8.8,6.73,5.11
650,651,2.5,9.15,3,6.79
650,655,3,8.78,3,3
651,105,49.5,2.59,8.19,6.79
651,649,2,8.79,6.4,3
651,650,2.5,9.15,7.09,12.61
651,827,1,8.79,7.5,3
651,842,2,8.8,5.62,7.5
652,106,49.5,2.59,3,6.95
652,452,7,6.49,6.16,8.21
652,525,5,3.2,7.92,9.4
652,645,10,7.15,7.25,8.11
652,653,4.5,9.15,7.77,3
653,107,49.5,2.59,3.78,7.53
653,646,4.5,8.79,7.69,6.59
653,648,5,8.98,3.95,3
653,652,4.5,9.15,9.38,8.31
653,655,2.5,9.34,8.8,3.66
654,108,49.5,2.59,7.27,6.99
654,451,5,6.02,3,9.8
654,452,7,3.4,3,3
654,659,5.5,9.15,8.01,4.17
654,662,5,9.15,9.4,3
655,109,49.5,2.59,10.07,3
655,451,5,3.68,6.66,7.26
655,650,3,8.78,6.16,3
655,653,2.5,9.34,7.19,7.5
655,663,6,8.8,12.5,6.86
656,110,49.5,2.59,5.73,7.01
656,579,3,10.48,3,3.34
656,657,7,8.97,7.75,4.94
656,658,4,9.15,6.21,11.98
656,660,3,6.95,7.39,5.91
657,111,49.5,2.59,8.15,3
657,525,5,6.71,6.64,8.97
657,647,3.5,6.54,3,7.39
657,656,7,8.97,4.3,8.8
657,659,15,9.52,6.84,3
658,112,49.5,2.59,5.77,5.09
658,510,4,3.15,7.75,4.87
658,656,4,9.15,10.78,7.8
658,659,5.5,8.97,7.48,6.98
658,661,6,6.96,7.18,6.88
659,113,49.5,2.59,3,6.73
659,509,5,3.3,11.7,11.29
659,654,5.5,9.15,5.57,3
659,657,15,9.52,7.25,6.55
659,658,5.5,8.97,3,3
660,114,49.5,2.59,6.52,5.91
660,582,3.5,12.22,9.6,7.88
660,656,3,6.95,3,3.88
660,661,5,8.97,4.11,5.73
660,902,4.5,10.42,10.62,7.73
661,115,49.5,2.59,3,6.32
661,512,2,3.3,6.71,7.09
661,658,6,6.96,3.29,7.39
661,660,5,8.97,10.03,7.01
661,902,3.5,11.24,8.41,12.84
662,116,49.5,2.59,3,6.72
662,449,2,7.9,6.73,3
662,654,5,9.15,3,3
662,664,4.5,8.97,3,3
662,667,2.5,8.97,11.17,7.09
663,117,49.5,2.59,3,10.89
663,449,2,2.05,3,3
663,655,6,8.8,7.45,8.28
663,665,2,8.97,6.84,7.2
663,841,3.5,9.15,3,7.1
664,118,49.5,2.59,3,10.41
664,448,3.5,8.26,5.47,6.78
664,662,4.5,8.97,3,5
664,669,5.5,8.79,3,3
664,849,5.5,13.37,7.24,11.17
665,119,49.5,2.59,3,3
665,448,3.5,1.97,7.43,7.47
665,663,2,8.97,4.48,10.03
665,843,2,8.78,6.94,3
665,849,1,13.73,10.36,9.77
666,120,49.5,2.59,7.68,5.91
666,510,4,6.66,5.32,3
666,521,1.5,2.38,3.55,3
666,667,2,8.97,6.91,3
666,668,3,8.79,3,3
667,121,49.5,2.59,7.53,7.75
667,509,5,6.49,8.28,7.78
667,662,2.5,8.97,3,6.63
667,666,2,8.97,3,6.74
667,669,7,8.79,6.65,8.96
668,122,49.5,2.59,8.02,3
668,519,2,1.07,7.51,8.9
668,666,3,8.79,7.51,3
668,669,3.5,8.97,10.31,8.09
668,850,4.5,8.97,7.29,3
669,123,49.5,2.59,8.63,3
669,664,5.5,8.79,3.5,3.49
669,667,7,8.79,17.7,4.94
669,668,3.5,8.97,6.92,7.35
669,851,5.5,8.79,9.31,12.68
670,124,49.5,2.59,6.08,4.01
670,512,2,10.26,8.04,9.49
670,519,2,9.63,3,3
670,521,1.5,8.18,4.71,5.74
670,854,0.5,17.75,7.94,3
670,902,0.5,20.79,11.23,3
670,905,1,14.17,7.61,6.88
671,125,49.5,2.59,6.95,3
671,602,3.5,8.61,3,6.96
671,672,2.5,8.62,8.39,6.73
671,673,4.5,8.97,9.87,3
671,676,3,8.97,4.67,3
672,126,49.5,2.59,3,6.67
672,603,2,9.15,3,18.9
672,671,2.5,8.62,5.84,3
672,674,2,8.97,10.59,9.49
672,722,1,8.61,6.95,3
673,127,49.5,2.59,7.89,7.48
673,671,4.5,8.97,9.58,10.51
673,674,3.5,9.17,7.88,7.5
673,678,4,8.6,3,7.54
673,683,3,9.34,3,3
674,128,49.5,2.59,6.08,7.01
674,672,2,8.97,7.49,3
674,673,3.5,9.17,3,3
674,684,1.5,8.78,7.29,6.92
674,724,2,8.78,3,7.67
675,129,49.5,2.59,3,6.25
675,404,5.5,4.63,3,5
675,606,3.5,9.34,3,7.75
675,676,5.5,8.24,6.89,7.49
675,677,4.5,8.43,3,3
676,130,49.5,2.59,7.2,3
676,607,0.5,9.33,8.53,5.45
676,671,3,8.97,3,3
676,675,5.5,8.24,5.42,7
676,678,3.5,8.6,7.67,7.25
677,131,49.5,2.59,8.71,10.5
677,406,3,2.46,12.24,3
677,675,4.5,8.43,6.73,8.1
677,678,5.5,8.62,3,6.9
677,687,8,9.15,3,10.48
678,132,49.5,2.59,3,7.75
678,673,4,8.6,5.17,8.87
678,676,3.5,8.6,6.84,4.44
678,677,5.5,8.62,9.07,8.92
678,688,7.5,8.97,3,11.12
679,133,49.5,2.59,10.64,8.26
679,610,6.5,9.15,9.07,12.38
679,680,3.5,6.59,3,11.17
679,681,4,9.15,7.75,8.74
680,134,49.5,2.59,7.75,7.53
680,404,5.5,4.83,11.24,4.68
680,488,2.5,6.89,7.89,3
680,611,4.5,8.79,8.21,6.79
680,679,3.5,6.59,7.88,3
681,135,49.5,2.59,3,10.41
681,487,3,4.93,5.72,3
681,623,4,8.63,3,17.7
681,679,4,9.15,6.59,3.44
681,691,12,8.6,10.86,6.4
682,136,49.5,2.59,11.47,6.58
682,406,3,6.61,4.36,6.81
682,487,3,4.52,3.65,6.61
682,488,2.5,3.05,3,6.71
682,692,8,8.98,10.03,7.35
683,137,49.5,2.59,8.72,3.58
683,673,3,9.34,3.87,3
683,684,2.5,8.78,3,3
683,685,4,8.42,24.8,3
683,688,3.5,8.98,3.62,3
684,138,49.5,2.59,3,7.28
684,674,1.5,8.78,12.38,10.21
684,683,2.5,8.78,6.78,3
684,728,3.5,8.79,3,9.74
685,139,49.5,2.59,7.48,7.18
685,411,6,8.76,6.93,6.9
685,683,4,8.42,3,10.13
685,686,1.5,8.43,5.45,7.89
685,690,4,9.15,3,3
686,140,49.5,2.59,9.38,10.76
686,685,1.5,8.43,3,5.21
686,730,1,8.79,6.98,9.49
687,141,49.5,2.59,3,24.8
687,407,6.5,2.46,7.93,7.09
687,677,8,9.15,6.9,3
687,688,6.5,8.43,3,3
687,689,7,8.78,13.1,6.64
688,142,49.5,2.59,7.97,10.39
688,678,7.5,8.97,3.65,12.06
688,683,3.5,8.98,4.81,9.66
688,687,6.5,8.43,8.22,3
688,690,5,8.97,4.01,10.96
689,143,49.5,2.59,4.26,7.09
689,408,2,3.15,8.93,6.82
689,687,7,8.78,3,3
689,690,3.5,8.44,7.23,3
689,699,1.5,9.33,7.39,3
690,144,49.5,2.59,3,8.79
690,410,2,8.44,5.69,3
690,685,4,9.15,11.98,7.32
690,688,5,8.97,6.08,3
690,689,3.5,8.44,3,3
691,145,49.5,2.59,7.75,6.95
691,481,6.5,6.93,7.5,10.03
691,486,6.5,3.2,4.43,3
691,681,12,8.6,9.45,6.12
691,692,8,8.25,3,3
692,146,49.5,2.59,8.31,8.5
692,407,6.5,7.37,6.99,7.77
692,682,8,8.98,7.23,10.07
692,691,8,8.25,3.87,5.64
692,694,5.5,8.79,6.8,7.23
693,147,49.5,2.59,3,7.19
693,479,3,2.89,7.43,23
693,483,6.5,2.05,6.32,7.48
693,694,4.5,8.97,7.26,3
693,703,2,9.15,8.32,5.79
694,148,49.5,2.59,7.2,10.94
694,408,2,6.31,6.81,4.43
694,539,5,3.45,3,3
694,692,5.5,8.79,5.4,4.91
694,693,4.5,8.97,12.58,8.19
695,149,49.5,2.59,6.73,3
695,411,6,1.91,5.11,6.97
695,696,8.5,8.97,4.62,3
695,697,4.5,8.79,9.06,3
695,700,10.5,8.97,11.14,3
696,150,49.5,2.59,3,10.03
696,695,8.5,8.97,3,5.78
696,698,5,9.15,9.77,3.62
696,734,1.5,8.43,5.77,5.24
697,151,49.5,2.59,6.65,7.09
697,695,4.5,8.79,3,4.68
697,698,4,8.97,6.92,12.71
697,702,5.5,8.97,7.09,6.65
697,809,2.5,8.97,10.73,3
698,152,49.5,2.59,4.71,7.12
698,696,5,9.15,6.9,4.44
698,697,4,8.97,3,11.47
698,736,4.5,8.6,7.39,4.39
698,810,2,8.6,6.63,6.51
699,153,49.5,2.59,11.47,6.52
699,538,8,2.13,3,10.36
699,689,1.5,9.33,4.61,6.45
699,700,5,8.6,3,4.94
699,701,5,8.6,6.73,6.31
700,154,49.5,2.59,10.48,10.14
700,410,2,1.91,6.9,9.06
700,695,10.5,8.97,10.21,3
700,699,5,8.6,8.96,4.54
700,702,4.5,9.15,10.46,5.81
701,155,49.5,2.59,4.33,3
701,474,3.5,2.46,3,4.44
701,699,5,8.6,4.37,5.39
701,702,2.5,8.62,3,3
701,813,2,8.79,6.07,5.47
702,156,49.5,2.59,6.74,3
702,697,5.5,8.97,4.87,3
702,700,4.5,9.15,10.21,4.81
702,701,2.5,8.62,4.54,5.45
702,814,3.5,8.79,6.6,5.4
703,157,49.5,2.59,10.89,3
703,478,5.5,3.94,7.11,7.69
703,693,2,9.15,6.71,7.1
703,704,7.5,8.6,7.01,5.63
703,705,3.5,8.24,6.8,7.18
704,158,49.5,2.59,5.45,3
704,538,8,10.12,6.88,7.01
704,539,5,6.43,3,8.5
704,703,7.5,8.6,6.75,8.17
704,706,8.5,8.6,6.9,5.85
705,159,49.5,2.59,3,9.76
705,476,3.5,6.85,3,3
705,635,5.5,8.78,3,8.26
705,703,3.5,8.24,7.39,3
705,706,5,8.79,3,6.95
706,160,49.5,2.59,3,6.99
706,474,3.5,7.24,6.72,5.35
706,475,3.5,7.56,3,5.97
706,704,8.5,8.6,3,3
706,705,5,8.79,7.89,5.45
707,161,49.5,2.59,7.56,7.19
707,473,1,11.56,4,6.31
707,475,3.5,3.53,3,8.01
707,476,3.5,3.55,3,3
707,638,2.5,9.73,3,3
708,162,49.5,2.59,6.66,4.68
708,388,2,5.44,7.09,10.09
708,709,3,17.57,3,8.96
708,714,4,17.45,6.65,3
708,913,3,50.2,8.23,3
709,163,49.5,2.59,3,3.61
709,391,3,3.81,3,6.29
709,708,3,17.57,9.49,11.7
709,711,1,13.95,10.09,7.31
709,713,2.5,13.77,6.61,10.71
709,803,2.5,18.3,7.44,5.77
710,164,49.5,2.59,7.35,6.5
710,584,1,14.13,5.56,4.33
710,712,3,8.6,3,3
710,806,2.5,8.6,3,7.61
711,165,49.5,2.59,4.44,8.21
711,709,1,13.95,4.98,6.83
711,713,1,9.15,6.79,10.84
711,807,2.5,8.24,8.18,4.52
712,166,49.5,2.59,3,8.04
712,393,3.5,8.13,10.78,6.95
712,584,2,14.12,3,7.1
712,710,3,8.6,5.12,5.77
712,713,1,9.15,10.52,7.51
713,167,49.5,2.59,7.43,8.4
713,392,1,5.03,3.49,3.61
713,709,2.5,13.77,7.45,7.23
713,711,1,9.15,6.84,6.91
713,712,1,9.15,13.1,10.13
713,716,2,10.01,7.69,6.26
714,168,49.5,2.59,6.87,3
714,708,4,17.45,3,7.76
714,715,4.5,17.02,3,9.29
714,720,3.5,17.39,6.4,7.39
714,913,3.5,34.16,3,11.09
715,169,49.5,2.59,3,3
715,391,3,14.15,4.56,6.5
715,714,4.5,17.02,7.23,3
715,717,2.5,13.5,11.54,7.48
715,719,1.5,13.55,5.63,3
715,721,2.5,17.02,7.28,6.38
716,170,49.5,2.59,12.06,6.8
716,393,3.5,1.84,9.95,4.56
716,601,3,8.78,6.82,3
716,713,2,10.01,7.34,3.5
716,717,4,8.61,8.31,10.07
716,718,7,7.87,9.11,3
717,171,49.5,2.59,7.75,8.07
717,392,1,4.81,3,4.09
717,715,2.5,13.5,3,6.52
717,716,4,8.61,7.48,3
717,719,1.5,7.5,3,3
718,172,49.5,2.59,7.52,5.4
718,603,1,8.97,7.25,3
718,716,7,7.87,4.68,4.43
718,719,1,8.42,3,6.19
718,722,2.5,9.17,5.86,10.51
719,173,49.5,2.59,3,5.21
719,715,1.5,13.55,10.03,4.67
719,717,1.5,7.5,7.35,3
719,718,1,8.42,6.66,6.94
719,723,2,8.97,8.5,5.61
720,174,49.5,2.59,4.47,3
720,714,3.5,17.39,6.11,7.72
720,721,4,16.84,4.5,7.56
720,726,3,17.75,10.12,6.91
720,913,3,23.26,8.86,3.58
721,175,49.5,2.59,8.1,3
721,715,2.5,17.02,8.77,6.71
721,720,4,16.84,3,3
721,723,1,13.66,7.05,9.77
721,725,2.5,14.14,5.68,3
721,727,3,17.57,6.4,3
722,176,49.5,2.59,3,6.26
722,672,1,8.61,6.73,6.39
722,718,2.5,9.17,8.36,3
722,723,2,8.97,7.21,3
722,724,1,8.61,8.09,7.12
723,177,49.5,2.59,9.96,10.7
723,719,2,8.97,12.28,4.71
723,721,1,13.66,7.1,4.5
723,722,2,8.97,3,6.71
723,725,2,9.33,7.11,6.38
724,178,49.5,2.59,3,3
724,674,2,8.78,5.17,5.21
724,722,1,8.61,9.87,9.36
724,725,3,8.44,5.69,4
724,728,4.5,8.97,3,3.74
725,179,49.5,2.59,7.5,6.14
725,721,2.5,14.14,3,5.41
725,723,2,9.33,6.68,8.77
725,724,3,8.44,10.48,4.27
725,729,4.5,8.78,3,7.18
726,180,49.5,2.59,9.14,9.96
726,416,2,6.14,9.34,3
726,720,3,17.75,3,7.48
726,727,4,17.21,7.01,14
726,913,4,22.6,6.25,4.37
727,181,49.5,2.59,3,10.77
727,415,3.5,12.73,6.31,6.66
727,721,3,17.57,3.88,4.09
727,726,4,17.21,6.08,7.08
727,729,1,13.5,3,6.97
727,731,2,13.56,14.3,6.87
728,182,49.5,2.59,3,6.93
728,684,3.5,8.79,3.88,7.11
728,724,4.5,8.97,7.69,6.59
728,729,5,8.43,5.7,3
728,730,3.5,8.79,3.6,3
729,183,49.5,2.59,9.87,8.39
729,725,4.5,8.78,9.8,9.4
729,727,1,13.5,3,9.89
729,728,5,8.43,7.87,3
729,731,4,8.61,3,9
730,184,49.5,2.59,3,5.7
730,413,4,9.51,5.42,6.8
730,686,1,8.79,6.88,8.92
730,728,3.5,8.79,9.82,6.66
730,731,3,8.97,6.23,10.62
731,185,49.5,2.59,3,5.19
731,414,3.5,9.6,3,3
731,727,2,13.56,6.42,3.45
731,729,4,8.61,3,6.9
731,730,3,8.97,6.81,7.62
732,186,49.5,2.59,8.06,7.18
732,416,2,11.85,6.79,7.94
732,417,3.5,24.59,3,5.68
732,733,3,17.39,3,7.94
732,864,4,18.67,9.96,5.42
733,187,49.5,2.59,3,3
733,415,3.5,5.27,14.2,7
733,732,3,17.39,6.52,3
733,735,1,13.5,6.52,6.62
733,737,2.5,14.11,7.01,12.12
733,865,5,17.58,8.49,7.53
734,188,49.5,2.59,9.36,5.86
734,413,4,1.87,6.52,3
734,696,1.5,8.43,7.39,9.14
734,735,4.5,8.42,9.3,3
734,736,5,8.78,11.98,7.11
735,189,49.5,2.59,3,3
735,414,3.5,1.91,7.34,9.55
735,733,1,13.5,9.09,5.32
735,734,4.5,8.42,5.68,8.28
735,737,3,9.15,6.24,6.51
736,190,49.5,2.59,5.11,3
736,698,4.5,8.6,5.18,6.24
736,734,5,8.78,9.96,3
736,737,6.5,8.44,3,9.95
736,866,3.5,14.13,3.45,10.76
737,191,49.5,2.59,3,8.79
737,733,2.5,14.11,3,3
737,735,3,9.15,9.95,9.51
737,736,6.5,8.44,7.77,3
737,866,2,13.72,5.45,6.95
738,192,49.5,2.59,10.35,6.79
738,740,1,10.42,6.19,3
738,742,2,11.56,5.09,13.2
738,746,1.5,17.39,5.64,7.05
738,784,1.5,8.6,8.5,3
738,920,1.5,17.45,8.6,6.84
739,193,49.5,2.59,8.5,7.36
739,419,1.5,10.24,7.11,3
739,740,2,9.16,12.61,3
739,741,2,8.05,3,3
739,921,2,13.8,7.11,8.49
740,194,49.5,2.59,7.21,3
740,738,1,10.42,3,6.88
740,739,2,9.16,8.17,8.76
740,742,1.5,7.9,3,8.53
740,920,2,14.54,8.88,8.38
741,195,49.5,2.59,6.58,10.67
741,739,2,8.05,3,4.33
741,742,0.5,8.6,10.1,7.89
741,743,1,14.18,6.42,3
741,747,2.5,9.15,5.84,7.69
742,196,49.5,2.59,5.12,3
742,738,2,11.56,3,3
742,740,1.5,7.9,6.67,3
742,741,0.5,8.6,11.33,11.94
742,748,2.5,8.97,7.54,3
743,197,49.5,2.59,8.9,9.8
743,419,1.5,4.88,3,5.77
743,741,1,14.18,3,3.78
743,744,2.5,16.16,8.74,10.28
743,745,2,16.16,7,7.22
743,751,3,14.53,7.49,6.84
743,752,1.5,14.06,10.03,13
743,921,2.5,20.02,6.73,3
743,922,1,19.48,6.85,5.61
744,198,49.5,2.59,7.29,3
744,743,2.5,16.16,6.81,6.81
744,745,6,8.05,6.82,10.25
744,922,1.5,15.06,5.85,3
745,199,49.5,2.59,7.91,9.51
745,743,2,16.16,3,3
745,744,6,8.05,7.53,3
745,755,4,8.79,3,10.99
746,200,49.5,2.59,8.61,3
746,738,1.5,17.39,8.79,4.36
746,748,2,10.43,3,4.71
746,750,2,10.8,6.81,11.17
746,757,4,17.75,3,7.97
746,792,1,9.15,7.12,6.16
747,201,49.5,2.59,3,8.65
747,741,2.5,9.15,3.72,10.07
747,748,3,9.15,3,6.65
747,749,2,8.42,7.54,7.24
747,752,2.5,8.97,7.13,3
748,202,49.5,2.59,3,3
748,742,2.5,8.97,3,4.75
748,746,2,10.43,3,6.81
748,747,3,9.15,6.95,6.28
748,750,4.5,8.6,5.59,3
749,203,49.5,2.59,6.86,3
749,747,2,8.42,8.09,3
749,750,2,9.15,7.12,3
749,754,3.5,8.6,7.28,3
749,758,3,8.97,6.18,6.84
750,204,49.5,2.59,8.31,8.4
750,746,2,10.8,6.42,3
750,748,4.5,8.6,6.42,7.24
750,749,2,9.15,6.59,3
750,759,1,8.79,7.08,7.94
751,205,49.5,2.59,15.3,7.53
751,420,3,7.5,8.8,3
751,743,3,14.53,3,3
751,753,8,8.24,10.78,6.9
751,755,3,10.99,3,8.86
752,206,49.5,2.59,5.86,3
752,420,3,2.72,6.69,8.05
752,743,1.5,14.06,3,3
752,747,2.5,8.97,3.34,3
752,754,2,8.43,6.45,6.66
753,207,49.5,2.59,7.27,16.6
753,421,2,4.42,3,3
753,751,8,8.24,8.92,5.17
753,756,4.5,9.88,3,3
753,762,3.5,8.97,8.21,8.39
754,208,49.5,2.59,6.73,14.3
754,421,2,5.51,9.29,3
754,749,3.5,8.6,4.36,3
754,752,2,8.43,7.18,7.44
754,763,1,9.33,12.28,3
755,209,49.5,2.59,7.62,8.06
755,745,4,8.79,3,3.29
755,751,3,10.99,6.59,3
755,756,9,8.72,3,10.07
756,210,49.5,2.59,6.6,11.54
756,753,4.5,9.88,6.99,6.81
756,755,9,8.72,9.04,10.28
756,766,6.5,9.22,3.45,7.23
757,211,49.5,2.59,3,7.37
757,746,4,17.75,12.98,3
757,759,1.5,11.08,6.91,3
757,761,3,11.22,6.44,3
757,768,2,17.57,7.29,5.53
757,800,3,8.79,11.26,6.95
758,212,49.5,2.59,5.42,3
758,749,3,8.97,3,11.98
758,759,0.5,8.78,12.23,4.28
758,760,2,9.33,4.75,7
758,763,5.5,8.97,7.23,5.48
759,213,49.5,2.59,8.38,3
759,750,1,8.79,7.56,4.44
759,757,1.5,11.08,3.88,7.82
759,758,0.5,8.78,8.09,6.5
759,761,2,8.78,3,3
760,214,49.5,2.59,9.29,11.17
760,758,2,9.33,3.64,3.12
760,761,2.5,8.8,27.9,3
760,765,6,8.79,6.63,4.67
760,769,1,8.42,3,5.22
761,215,49.5,2.59,7.24,3
761,757,3,11.22,7.08,5.7
761,759,2,8.78,10.62,3
761,760,2.5,8.8,3,3
761,770,1.5,8.78,6.81,7.14
762,216,49.5,2.59,5.32,6.31
762,422,1,1.83,3,6.59
762,753,3.5,8.97,3,6.8
762,763,2.5,8.79,3,9.33
762,764,0.5,8.24,7.78,3
763,217,49.5,2.59,9.94,6.74
763,754,1,9.33,3,7.39
763,758,5.5,8.97,3,6.82
763,762,2.5,8.79,3,3
763,765,4.5,8.6,3,5.98
764,218,49.5,2.59,10.76,8.5
764,423,1,2.09,7.16,8.1
764,762,0.5,8.24,3,3
764,765,3.5,9.17,7.09,7.25
764,773,3,9.33,14.4,9.74
765,219,49.5,2.59,5.02,8.03
765,760,6,8.79,6.91,9.96
765,763,4.5,8.6,7.29,7.99
765,764,3.5,9.17,6.76,6.67
765,774,6,8.6,7.37,9.72
766,220,49.5,2.59,3,4.22
766,422,1,9.15,4.5,7.49
766,756,6.5,9.22,3,6.58
766,767,3.5,9.22,9.29,6.24
767,221,49.5,2.59,6.5,10.62
767,423,1,10.49,6.98,3
767,766,3.5,9.22,3,10.9
767,777,6,8.85,8.39,5.61
768,222,49.5,2.59,6.9,3
768,584,5,17.93,11.3,4.62
768,757,2,17.57,3,10.02
768,770,1.5,11.08,6.8,3
768,772,1.5,11.46,4.27,3
768,808,4.5,8.78,6.86,3
769,223,49.5,2.59,3.63,4
769,760,1,8.42,6.9,10.51
769,770,2.5,8.6,10.84,3
769,771,2,8.61,3,3
769,774,1,9.15,3,8.18
770,224,49.5,2.59,3,11.17
770,761,1.5,8.78,6.71,6.93
770,768,1.5,11.08,5.97,9.38
770,769,2.5,8.6,4.04,6.95
770,772,5.5,9.33,3.72,3
771,225,49.5,2.59,3,10.7
771,585,3,9.15,6.49,3
771,769,2,8.61,6.61,5.57
771,772,5,8.98,7.36,3
771,776,2.5,8.79,6.4,4.68
772,226,49.5,2.59,10.64,7.55
772,586,3,8.6,4.75,3
772,768,1.5,11.46,8.11,6.08
772,770,5.5,9.33,11.09,9.57
772,771,5,8.98,3,5.62
773,227,49.5,2.59,9.63,10.63
773,424,1,2.05,7.89,7.29
773,764,3,9.33,7.19,3
773,774,4,9.15,4.3,3
773,775,2,8.42,5.62,3.87
774,228,49.5,2.59,4.27,6.23
774,765,6,8.6,3,3
774,769,1,9.15,7.18,3.62
774,773,4,9.15,3,9.14
774,776,3,8.6,3,5.41
775,229,49.5,2.59,3,6.66
775,425,2,4.43,3,4.39
775,589,2.5,9.52,3,9.48
775,773,2,8.42,3,5.02
775,776,2.5,8.97,3,10.33
776,230,49.5,2.59,6.23,3
776,590,7.5,9.33,3,5.22
776,771,2.5,8.79,3,8.32
776,774,3,8.6,5.68,8.6
776,775,2.5,8.97,6.59,7.18
777,231,49.5,2.59,3,3
777,424,1,9.99,7.42,11.87
777,767,6,8.85,8.32,13.3
777,778,3,10.4,3,9.09
777,779,2.5,8.88,10.62,4.04
778,232,49.5,2.59,4.94,8.66
778,429,6.5,7.19,11.17,9.57
778,597,0.5,12.41,8.74,3.94
778,777,3,10.4,3,6.38
778,779,4,8.8,3,3
779,233,49.5,2.59,6.23,3
779,425,2,5.21,18.9,9.87
779,427,7,7.72,3,7.35
779,777,2.5,8.88,6.5,6.65
779,778,4,8.8,7.8,9.37
780,234,49.5,2.59,3.88,7.66
780,781,3.5,17.75,3,11.24
780,785,2.5,17.2,6.97,13.3
780,914,2,34.66,4.64,3
780,916,0.5,18.62,3,6.61
781,235,49.5,2.59,7.83,8.13
781,780,3.5,17.75,3,3
781,782,3,17.39,3,3
781,786,2.5,17.02,6.61,6.91
781,917,1,18.66,5.81,3.59
782,236,49.5,2.59,6.06,10.09
782,781,3,17.39,6.65,4.17
782,783,3,17.93,11.17,5.62
782,787,3.5,16.65,3,3
782,917,3,20.68,7.12,10.48
782,918,0.5,19.18,9.87,7.63
783,237,49.5,2.59,7.09,3.88
783,782,3,17.93,7.7,6.79
783,784,3.5,11.72,3,3
783,788,1.5,13.89,7.12,3
783,789,1,13.72,7.17,10.67
783,918,0.5,20.18,8.67,3
783,919,1.5,19.01,8.8,6.9
784,238,49.5,2.59,3.56,7.14
784,738,1.5,8.6,8.5,6.63
784,783,3.5,11.72,3,5.84
784,792,1,17.39,9.8,5.62
784,919,2.5,17.31,6.63,3
785,239,49.5,2.59,7.63,7.09
785,780,2.5,17.2,3,9.58
785,786,4,17.57,5,6.4
785,793,4,17.39,7.58,3
785,914,2.5,23.24,11.87,10.89
786,240,49.5,2.59,3,3
786,781,2.5,17.02,3,3
786,785,4,17.57,5.9,11.07
786,787,1.5,17.57,9.33,7.7
786,794,3,17.57,6.6,6.92
787,241,49.5,2.59,11.14,6.23
787,782,3.5,16.65,3,3
787,786,1.5,17.57,6.88,7.12
787,789,0.5,14.08,4.88,6.86
787,791,0.5,14.35,6.86,7.63
787,795,4.5,17.75,4.91,6.07
788,242,49.5,2.59,4.02,6.08
788,783,1.5,13.89,3,9.29
788,789,2,8.79,4.43,10.14
788,790,1.5,8.24,3,3
788,792,2,8.18,4.71,9.4
789,243,49.5,2.59,3,3
789,783,1,13.72,3.12,3
789,787,0.5,14.08,3,7.23
789,788,2,8.79,5.39,9.62
789,791,1.5,8.6,8.67,6.65
790,244,49.5,2.59,6.84,6.91
790,788,1.5,8.24,8.68,3
790,791,2,8.79,6.38,5.81
790,792,2.5,8.63,3.81,7.27
790,796,2,8.97,9.76,3
791,245,49.5,2.59,12,7.49
791,787,0.5,14.35,3,7.67
791,789,1.5,8.6,3,6.61
791,790,2,8.79,8.39,3
791,797,1.5,9.16,9.84,8.23
792,246,49.5,2.59,3,5.03
792,746,1,9.15,3,6.92
792,784,1,17.39,3,3
792,788,2,8.18,7.55,7.39
792,790,2.5,8.63,3,3
792,800,0.5,17.39,3,7
793,247,49.5,2.59,18.9,3
793,785,4,17.39,8.27,8.66
793,794,3.5,17.39,5.89,6.59
793,801,3,17.57,4.5,7.19
793,914,2,21.93,8.39,3
794,248,49.5,2.59,5.13,9.34
794,786,3,17.57,9.58,8.53
794,793,3.5,17.39,3,6.95
794,795,4,17.75,11.14,3.52
794,802,3,17.39,3,4.67
795,249,49.5,2.59,6.94,8.71
795,787,4.5,17.75,9.77,3
795,794,4,17.75,7.52,6.71
795,797,1.5,13.55,4.06,9.77
795,799,2.5,14.2,9.48,3
795,803,2.5,17.2,9.01,9.55
796,250,49.5,2.59,6.23,7.11
796,790,2,8.97,6.62,7.63
796,797,1,9.16,5.13,3
796,798,1,8.79,10.62,3
796,800,0.5,8.27,6.52,3
797,251,49.5,2.59,10.69,3
797,791,1.5,9.16,3,6.11
797,795,1.5,13.55,3,3
797,796,1,9.16,7.32,7.45
797,799,1,9.15,4.09,7.27
798,252,49.5,2.59,3,4.71
798,796,1,8.79,8.41,7.08
798,799,2,9.18,3,7.26
798,800,1,8.68,4.17,14.4
798,804,3,8.97,7.8,3
799,253,49.5,2.59,3,7.11
799,795,2.5,14.2,6.92,6.8
799,797,1,9.15,7.18,7.87
799,798,2,9.18,7.89,9.63
799,805,6,8.42,6.84,5.62
800,254,49.5,2.59,10.35,3
800,757,3,8.79,7.49,8.09
800,792,0.5,17.39,3,11.02
800,796,0.5,8.27,3,12.68
800,798,1,8.68,6.25,7.47
800,808,0.5,17.93,7.07,6.6
801,255,49.5,2.59,4.17,7.91
801,389,2.5,22.53,3,6.11
801,793,3,17.57,5.45,8.32
801,802,2,17.75,5.77,9.45
801,913,3.5,62.69,3,3
802,256,49.5,2.59,3,10.76
802,388,2,13.28,8.92,3
802,794,3,17.39,10.99,7.29
802,801,2,17.75,10.7,7.09
802,803,2.5,17.57,3,4.43
803,257,49.5,2.59,6.42,8.98
803,709,2.5,18.3,3,5.13
803,795,2.5,17.2,4.81,9.64
803,802,2.5,17.57,9.96,6.66
803,805,1,13.8,10.89,8.81
803,807,1,14.27,3,5.16
804,258,49.5,2.59,3,6.99
804,798,3,8.97,10.03,7.53
804,805,4.5,8.6,3,6.91
804,806,2,9.15,3,10.36
804,808,2.5,8.51,4.44,3
805,259,49.5,2.59,6.51,3
805,799,6,8.42,3,3
805,803,1,13.8,10.7,6.75
805,804,4.5,8.6,6.23,5.09
805,807,2,8.97,3,6.78
806,260,49.5,2.59,7.54,3
806,710,2.5,8.6,5.61,7.39
806,804,2,9.15,3,8.8
806,807,2,8.97,7.48,8.97
806,808,1.5,8.94,7.91,5.51
807,261,49.5,2.59,6.2,4.92
807,711,2.5,8.24,6.82,5.92
807,803,1,14.27,3,6.49
807,805,2,8.97,9.88,6.86
807,806,2,8.97,3,3
808,262,49.5,2.59,10.41,6.82
808,584,0.5,18.81,10.89,6.36
808,768,4.5,8.78,3.88,3
808,800,0.5,17.93,9.94,8.72
808,804,2.5,8.51,3,6.73
808,806,1.5,8.94,3,4.4
809,263,49.5,2.59,7.63,6.87
809,697,2.5,8.97,5.14,3
809,810,1,8.78,3,10.48
809,811,2.5,8.97,5.22,5.79
809,814,2.5,8.79,8.26,7.51
810,264,49.5,2.59,6.09,8.68
810,698,2,8.6,5.61,3
810,809,1,8.78,9.95,7.97
810,812,3.5,8.97,4.51,6.9
810,866,2.5,13.73,8.63,6.84
811,265,49.5,2.59,9.38,3.29
811,809,2.5,8.97,3.94,7.32
811,812,2.5,8.6,6.95,7.31
811,816,3,9.34,8.43,6.42
811,817,2.5,8.79,7.12,7.5
812,266,49.5,2.59,10.46,7.17
812,810,3.5,8.97,6.04,13.6
812,811,2.5,8.6,6.6,3
812,818,2,9.34,5.91,6.95
812,866,1,13.6,3,7.52
813,267,49.5,2.59,10.03,3
813,472,3,5.61,13.1,4.65
813,473,1,2.23,7.77,7.63
813,701,2,8.79,5.41,10.87
813,814,6,9.17,12.12,7.7
814,268,49.5,2.59,3,3
814,702,3.5,8.79,5.22,6.51
814,809,2.5,8.79,6.52,7.61
814,813,6,9.17,6.29,3
814,816,2.5,8.8,3,3.74
815,269,49.5,2.59,7.32,5.61
815,471,3,9.73,3,10.35
815,472,3,4.34,4.28,3
815,638,2,13.18,8.84,6.79
815,821,2.5,8.79,7.42,4.82
816,270,49.5,2.59,7.62,9.66
816,471,3,1.97,8.85,10.94
816,811,3,9.34,8.4,3.54
816,814,2.5,8.8,3,3
816,822,2.5,8.79,4.94,3.72
817,271,49.5,2.59,4.65,4.3
817,470,1,1.84,9.89,3
817,811,2.5,8.79,15.3,8.77
817,818,3.5,8.62,3,3
817,819,3.5,8.97,7.63,11.29
818,272,49.5,2.59,3,3
818,812,2,9.34,11.61,6.95
818,817,3.5,8.62,3,5.63
818,820,1.5,8.43,4.34,12.38
818,869,1.5,13.32,3,3
819,273,49.5,2.59,10.09,7.62
819,469,3,1.98,5.93,12.03
819,817,3.5,8.97,6.58,8.59
819,820,1.5,8.24,6.11,4.41
819,829,3,8.81,3,7.14
820,274,49.5,2.59,3,6.61
820,818,1.5,8.43,3,7.34
820,819,1.5,8.24,6.61,6.45
820,830,0.5,9.15,5.47,6.85
820,869,1.5,13.32,3,5.11
821,275,49.5,2.59,9.88,10.03
821,815,2.5,8.79,6.31,3
821,822,2,8.97,3,3
821,823,4,8.78,7.25,3.49
821,826,2.5,8.8,3.75,3.63
822,276,49.5,2.59,12.03,3
822,470,1,9.59,3.54,10.84
822,816,2.5,8.79,9.05,10.48
822,821,2,8.97,3.94,7.34
822,824,2,8.97,4.33,3
823,277,49.5,2.59,10.94,11.61
823,821,4,8.78,5.64,7.8
823,824,2,8.79,7.28,3
823,828,3,8.78,10.77,7.54
823,833,3,8.79,3,3
824,278,49.5,2.59,8.39,11.24
824,469,3,10.62,3,4.62
824,822,2,8.97,3,6.98
824,823,2,8.79,11.17,6.14
824,834,9,9.15,4.41,7.19
825,279,49.5,2.59,7.58,7.63
825,638,1,9.1,3,3
825,649,1.5,9.15,7.34,9.38
825,826,2,8.6,8.22,3
825,827,1,9.15,8.21,8.72
826,280,49.5,2.59,7.09,12.98
826,638,1.5,9,3,3
826,821,2.5,8.8,5.24,6.61
826,825,2,8.6,6.9,3
826,828,2,9.33,5.57,7
827,281,49.5,2.59,9.62,3
827,651,1,8.79,9.27,5.56
827,825,1,9.15,7.25,4.27
827,828,2,8.79,6.38,10.96
827,837,2.5,8.6,4.64,10.78
828,282,49.5,2.59,8.04,6.83
828,823,3,8.78,7.66,10.82
828,826,2,9.33,6.52,3
828,827,2,8.79,4.05,7.75
828,838,0.5,8.62,3,9.94
829,283,49.5,2.59,4.58,3
829,457,1,9.15,5.42,6.99
829,468,2.5,5,3,8.05
829,819,3,8.81,3,4.05
829,834,7.5,8.78,4.51,3
830,284,49.5,2.59,6.99,12.23
830,468,2.5,4.52,4.87,3
830,820,0.5,9.15,3,3
830,832,0.5,8.6,7,5.82
830,872,3,13.49,4.4,9.06
831,285,49.5,2.59,6.94,7.68
831,457,1,2.05,11.24,4.36
831,836,1,8.97,5.59,5.28
831,845,1,13.55,3,9.94
832,286,49.5,2.59,6.64,9.96
832,459,2,3.82,7.09,10.93
832,830,0.5,8.6,3,3.45
832,872,2,13.2,3,5.91
833,287,49.5,2.59,6.66,5.32
833,455,3,6.44,4.01,3
833,823,3,8.79,3,10.09
833,834,10.5,8.81,7.47,13.3
833,838,2,9.15,3,3
834,288,49.5,2.59,5.7,6.06
834,456,5.5,5.91,3,8.31
834,824,9,9.15,11.94,6.21
834,829,7.5,8.78,3,8.4
834,833,10.5,8.81,5.53,3
835,289,49.5,2.59,3,3.88
835,455,3,3.55,8.44,7.47
835,836,6,8.78,3,3.62
835,840,3.5,8.8,12.24,6.59
835,846,1.5,13.14,7.42,3
836,290,49.5,2.59,3,3
836,456,5.5,3.4,8.36,3.63
836,831,1,8.97,3.65,3
836,835,6,8.78,7.43,8.93
836,846,2.5,13.26,9.4,3
837,291,49.5,2.59,6.79,6.43
837,827,2.5,8.6,3,6.68
837,838,3,8.43,3,8.79
837,839,2.5,8.97,7.61,9.04
837,842,2,9.15,5.73,3
838,292,49.5,2.59,3,5.9
838,454,3,5.96,3,6.74
838,828,0.5,8.62,6.26,6.42
838,833,2,9.15,3,4.27
838,837,3,8.43,4.34,3
839,293,49.5,2.59,3,3
839,837,2.5,8.97,3,5.84
839,840,2,8.79,4.36,8.17
839,844,1.5,8.79,7.03,6.24
839,847,2,13.5,3,3.45
840,294,49.5,2.59,6.71,7.29
840,454,3,3.61,8.04,7.8
840,835,3.5,8.8,11.62,3
840,839,2,8.79,9.34,8.18
840,847,2.5,13.8,9.62,10.72
841,295,49.5,2.59,8.72,3
841,453,0.5,2.23,3,3
841,663,3.5,9.15,3.78,6.04
841,842,3.5,8.78,3,3.54
841,843,0.5,8.8,9.48,6.23
842,296,49.5,2.59,6.63,9.66
842,651,2,8.8,3,3
842,837,2,9.15,3,4.68
842,841,3.5,8.78,7.29,3
842,844,1.5,8.78,6.44,8.41
843,297,49.5,2.59,3,7.17
843,665,2,8.78,3,7.25
843,841,0.5,8.8,6.19,8.63
843,844,3,9.33,8.21,6.79
843,848,2,13.73,7.18,6.25
844,298,49.5,2.59,11.02,3
844,839,1.5,8.79,5.79,10.86
844,842,1.5,8.78,6.99,7.03
844,843,3,9.33,10.12,3
844,848,3.5,14.27,9.38,10.1
845,299,49.5,2.59,10.28,7.67
845,459,2,10.91,6.74,3
845,467,2.5,6.61,9.4,9.93
845,831,1,13.55,6.61,3
845,846,2.5,17.4,8.18,7.84
845,875,3,17.94,3,7.81
846,300,49.5,2.59,7.63,3
846,835,1.5,13.14,7.47,3
846,836,2.5,13.26,3,6.4
846,845,2.5,17.4,4.43,3
846,847,3.5,18.12,3,3
846,856,1.5,17.76,3,3
847,301,49.5,2.59,3,7.12
847,839,2,13.5,3,3
847,840,2.5,13.8,3,12.28
847,846,3.5,18.12,3,5.84
847,848,5,17.93,3,3
847,857,3.5,17.39,3,7.81
848,302,49.5,2.59,3,3
848,447,4,11.44,7.17,10.51
848,843,2,13.73,3,3
848,844,3.5,14.27,9.66,6.23
848,847,5,17.93,3,10.48
848,858,3,17.02,9.34,3
849,303,49.5,2.59,7,6.97
849,447,4,6.49,10.86,9.72
849,664,5.5,13.37,6.28,3
849,665,1,13.73,5.01,10.69
849,851,2,13.66,7.61,7.14
849,853,2.5,13.54,7.09,10.02
849,859,5.5,17.21,3,3
850,304,49.5,2.59,6.86,5.72
850,668,4.5,8.97,4.68,11.96
850,851,3.5,8.6,10.02,7.12
850,852,2.5,8.42,7.28,6.04
850,854,2.5,8.02,5.78,3
851,305,49.5,2.59,6.79,10.7
851,669,5.5,8.79,3,9.64
851,849,2,13.66,3,7
851,850,3.5,8.6,6.99,6.59
851,853,1.5,8.6,3,8.88
852,306,49.5,2.59,3,6.08
852,850,2.5,8.42,6.01,7.25
852,853,2,8.97,6.07,6.29
852,854,0.5,8.43,6.45,5.65
852,860,2,13.43,7.78,5.56
853,307,49.5,2.59,7.69,3
853,849,2.5,13.54,7.61,6.79
853,851,1.5,8.6,3,3
853,852,2,8.97,8.26,10.94
853,860,2.5,13.73,8.97,3
854,308,49.5,2.59,6.24,3.72
854,670,0.5,17.75,6.65,7.3
854,850,2.5,8.02,4.36,3
854,852,0.5,8.43,7.32,9.07
854,861,0.5,17.2,8.6,3
854,905,1,14.81,5.61,6.89
854,907,3.5,12.55,6.02,3
855,309,49.5,2.59,10.87,9.31
855,466,5,6.31,7.18,7.26
855,467,2.5,11.38,8.64,6.28
855,856,4,17.39,9.05,9.87
855,878,2.5,17.75,8,3
856,310,49.5,2.59,10.09,9.89
856,846,1.5,17.76,9.08,3
856,855,4,17.39,4.69,7.32
856,857,3,17.94,5.92,11.29
856,863,2,17.77,5.62,8.68
857,311,49.5,2.59,3,3
857,847,3.5,17.39,6.9,6.73
857,856,3,17.94,6.97,6.9
857,858,3,17.76,6.95,11.23
857,885,3.5,18.67,13,4.81
858,312,49.5,2.59,10.03,6.86
858,446,8.5,4.26,3,3
858,848,3,17.02,7.18,7.05
858,857,3,17.76,8.64,6.61
858,886,5,19.27,8.09,10.09
859,313,49.5,2.59,3,3
859,446,8.5,14.23,6.79,6.71
859,849,5.5,17.21,3,5.72
859,860,4,17.2,10.31,3.45
859,887,4,19.41,3,6.09
860,314,49.5,2.59,3,8.86
860,852,2,13.43,3,8.22
860,853,2.5,13.73,7.55,3
860,859,4,17.2,13.6,7.89
860,861,2.5,10.99,4.75,6.94
860,888,3.5,18.77,3.89,8.19
861,315,49.5,2.59,6.28,3
861,854,0.5,17.2,10.93,3
861,860,2.5,10.99,13.3,3
861,888,4,20.36,7.89,9.73
861,907,1.5,13.98,6.86,3
861,910,1.5,20.25,3,10.1
862,316,49.5,2.59,3,5.91
862,465,3.5,13.42,6.93,7.54
862,466,5,11.92,7.42,3
862,863,1,17.76,7.01,5.42
862,889,0.5,18.86,7.11,7.11
863,317,49.5,2.59,7.5,6.32
863,856,2,17.77,3,3
863,862,1,17.76,3,3
863,885,0.5,17.75,4.94,3
863,890,3,19.04,6.95,3
864,318,49.5,2.59,7.19,7.94
864,732,4,18.67,3,4.47
864,865,4.5,16.92,3,7.39
864,867,1.5,18.12,3,12.61
864,913,2.5,49.2,6.79,7.58
865,319,49.5,2.59,9.4,4.26
865,733,5,17.58,6.78,3
865,864,4.5,16.92,6.61,10.86
865,866,1,17.96,3,6.52
865,868,0.5,18.51,8.49,7.99
866,320,49.5,2.59,7.39,3
866,736,3.5,14.13,7.78,3
866,737,2,13.72,3,3.59
866,810,2.5,13.73,6.78,3
866,812,1,13.6,3,4.3
866,865,1,17.96,4.81,9.96
866,868,1.5,24.46,9.63,5.69
866,869,2.5,18.14,5.65,7.67
867,321,49.5,2.59,9.73,3
867,864,1.5,18.12,3,9.45
867,868,3.5,17.43,7.48,7.69
867,870,1.5,17.57,7.12,6.52
868,322,49.5,2.59,7.39,8.74
868,865,0.5,18.51,7.83,6.25
868,866,1.5,24.46,5.85,11.33
868,867,3.5,17.43,8.17,5.41
868,869,2,17.94,16.5,3
868,871,2.5,18.67,5.41,12
869,323,49.5,2.59,8.01,8.71
869,818,1.5,13.32,3,7
869,820,1.5,13.32,7.89,7
869,866,2.5,18.14,7.48,6.42
869,868,2,17.94,6.18,5.61
869,872,2.5,17.57,3,3
870,324,49.5,2.59,3,3
870,867,1.5,17.57,4.7,3
870,871,5.5,17.57,4.88,6.73
871,325,49.5,2.59,3,3
871,868,2.5,18.67,9.89,6.6
871,870,5.5,17.57,3,7.49
871,872,2,17.76,4.02,8.92
871,874,2.5,17.75,3.62,7.09
872,326,49.5,2.59,5.55,3
872,460,3.5,14.42,3,3
872,830,3,13.49,3,7.35
872,832,2,13.2,7.39,5.55
872,869,2.5,17.57,9.38,10.73
872,871,2,17.76,3,6.01
873,327,49.5,2.59,3,3
873,462,1.5,9.78,5.91,7.54
873,874,2,17.39,7,15.3
874,328,49.5,2.59,3,3
874,461,2,7.29,8.13,8.33
874,871,2.5,17.75,7.43,3
874,873,2,17.39,3,6.95
874,875,4,17.43,6.49,4.05
875,329,49.5,2.59,6.84,7.8
875,460,3.5,3.3,8.71,4.88
875,845,3,17.94,6.52,9.05
875,874,4,17.43,7.37,8.61
875,878,1,17.22,3,3.95
876,330,49.5,2.59,5.41,7.01
876,462,1.5,8.22,4.68,6.73
876,877,1.5,17.42,3,3
876,879,1,18.48,10.7,3
877,331,49.5,2.59,3.62,3
877,461,2,11.81,8.72,3
877,876,1.5,17.42,7.75,7.2
877,878,1,17.24,3,3
877,880,2,17.2,3,5.4
878,332,49.5,2.59,4.48,3
878,855,2.5,17.75,9.96,3
878,875,1,17.22,3,6.63
878,877,1,17.24,10.11,7.7
878,881,4.5,18.67,8.32,5.62
879,333,49.5,2.59,3,3
879,876,1,18.48,3,8.92
879,880,0.5,17.57,8.38,4.32
879,882,1,17.75,7.83,6.83
880,334,49.5,2.59,7.26,10.18
880,877,2,17.2,6.91,3
880,879,0.5,17.57,10.62,7.76
880,881,2.5,17.61,4.92,8.39
880,883,1,17.57,13.3,3
881,335,49.5,2.59,3,4.87
881,465,3.5,4.63,5.55,6.83
881,878,4.5,18.67,5.21,6.62
881,880,2.5,17.61,6.23,5.24
881,884,3,18.3,7.3,3
882,336,49.5,2.59,10.48,6.88
882,879,1,17.75,10.94,9.07
882,883,1,17.39,3,3.37
883,337,49.5,2.59,3,3
883,464,2,8.36,3,10.78
883,880,1,17.57,7.25,5.07
883,882,1,17.39,8.13,13.1
884,338,49.5,2.59,3,9.33
884,464,2,10.08,7.84,12.25
884,881,3,18.3,3.66,3
884,889,1.5,17.76,4.65,9.76
885,339,49.5,2.59,23,3
885,445,1,14.21,5.36,3
885,857,3.5,18.67,3,7.91
885,863,0.5,17.75,4.44,6.84
885,892,0.5,20.81,8.59,9.55
886,340,49.5,2.59,3.65,3
886,445,1,4.93,7.09,10.03
886,858,5,19.27,7.43,3
886,887,0.5,17.2,6.79,10.03
886,892,1,17.01,3,7.07
887,341,49.5,2.59,3,8.09
887,859,4,19.41,9.87,7.07
887,886,0.5,17.2,5.81,7.01
887,888,1.5,19.79,6.31,3
887,893,0.5,17.39,6.66,4.61
888,342,49.5,2.59,6.69,6.98
888,860,3.5,18.77,3,6.52
888,861,4,20.36,4.87,8
888,887,1.5,19.79,6.72,8.43
888,894,1,17.39,3,6.42
888,910,2,18.76,6.24,3
889,343,49.5,2.59,7.73,7.31
889,862,0.5,18.86,4.52,8.56
889,884,1.5,17.76,4.3,7.63
889,895,0.5,21.46,4.71,6.82
890,344,49.5,2.59,7.43,4.75
890,863,3,19.04,5.05,10.09
890,891,1,18.79,6.45,3
890,896,2,20.68,4.93,10.39
891,345,49.5,2.59,6.99,3
891,890,1,18.79,6.26,6.8
891,896,0.5,22.18,8.26,5.73
891,897,1.5,14.07,7.8,8.88
891,899,1,18,6.5,3
892,346,49.5,2.59,4.27,3
892,885,0.5,20.81,3.72,6.9
892,886,1,17.01,7.62,7.28
892,897,1,12.82,7,10.12
893,347,49.5,2.59,3,7.35
893,887,0.5,17.39,6.98,10.41
893,894,2,19.79,5.53,6.44
893,898,2,18.74,7.45,8.65
893,901,0.5,28.6,9.06,7.08
894,348,49.5,2.59,7.34,6.9
894,888,1,17.39,5.93,6.99
894,893,2,19.79,5.82,5.03
894,910,0.5,26.54,3,3
895,349,49.5,2.59,7.05,6.53
895,889,0.5,21.46,10.76,9.26
895,896,0.5,18.88,3,3
896,350,49.5,2.59,5.74,7.14
896,890,2,20.68,13.3,8.88
896,891,0.5,22.18,9.06,7.87
896,895,0.5,18.88,10.62,10.62
896,899,0.5,23.17,4.88,10.39
897,351,49.5,2.59,6.52,4.48
897,443,0.5,3.03,6.73,7.93
897,891,1.5,14.07,12.06,7.29
897,892,1,12.82,4.87,7.89
897,899,0.5,16.41,6.36,6.9
898,352,49.5,2.59,7.47,4.47
898,442,0.5,18.75,7.35,9.03
898,443,0.5,11.46,3,8.74
898,893,2,18.74,6.88,4.44
898,900,1.5,14.04,10.86,4.81
899,353,49.5,2.59,5.42,8.74
899,442,0.5,4.63,7.12,3
899,891,1,18,3,9.47
899,896,0.5,23.17,8.31,4.61
899,897,0.5,16.41,7.32,8.96
900,354,49.5,2.59,3,6.19
900,898,1.5,14.04,3,6.45
900,901,0.5,19.75,8.39,6.32
901,355,49.5,2.59,3.58,10.06
901,893,0.5,28.6,10.09,3
901,900,0.5,19.75,6.9,5.22
902,356,49.5,2.59,3,3
902,513,3.5,9.42,7.29,5.86
902,541,2.5,11.32,4.58,3
902,542,10.5,6.5,9.93,3
902,660,4.5,10.42,3.45,5.55
902,661,3.5,11.24,7.28,5.68
902,670,0.5,20.79,3,8.78
903,357,49.5,2.59,6.98,3
903,514,3,7.69,14,6.61
903,516,6,21.64,7.8,5
903,542,10.5,12.64,7.28,3
903,543,3.5,2.72,9.29,7.7
903,544,5,9.85,7.23,3
904,358,49.5,2.59,7.67,4.04
904,544,5,7.56,7.31,10.95
904,906,4.5,17.19,6.85,4.91
905,359,49.5,2.59,8.59,3
905,513,3.5,17.69,8.53,3
905,514,3,20.15,7.13,6.52
905,670,1,14.17,6.33,7
905,854,1,14.81,12.25,10.62
905,906,3,23.24,8.87,7.12
905,907,5,17.07,5,7.75
906,360,49.5,2.59,6.35,8.4
906,516,6,3.36,3.37,10.14
906,904,4.5,17.19,4.48,6.18
906,905,3,23.24,10.84,6.36
906,908,3.5,18.01,9.8,7.19
906,909,1.5,18.96,6.79,3.6
906,931,0.5,67.96,7.43,5.65
907,361,49.5,2.59,6.91,3
907,854,3.5,12.55,6.38,10.62
907,861,1.5,13.98,5.48,4.37
907,905,5,17.07,3,7.08
907,908,3,16.84,5.17,7.09
907,910,2.5,26.73,3,9.93
908,362,49.5,2.59,7.52,8.02
908,517,2.5,4.93,6.65,14
908,906,3.5,18.01,6.8,3
908,907,3,16.84,7.66,3
908,911,2.5,26.78,6.29,8.31
908,912,1.5,24.02,3,3.29
909,363,49.5,2.59,4.7,3
909,517,2.5,12.94,12,5.42
909,906,1.5,18.96,7.5,5.64
909,912,1.5,19.89,6.52,9.95
910,364,49.5,2.59,3,6.24
910,861,1.5,20.25,4.33,6.26
910,888,2,18.76,3,3
910,894,0.5,26.54,7.68,7.75
910,907,2.5,26.73,3,3.54
910,911,4.5,14.1,13.6,6.99
911,365,49.5,2.59,7.03,3
911,518,3.5,10.88,11.14,3
911,908,2.5,26.78,10.11,3
911,910,4.5,14.1,7.53,4.87
912,366,49.5,2.59,12.84,5.69
912,518,3.5,6.5,6.43,4.74
912,908,1.5,24.02,3,5.45
912,909,1.5,19.89,3,6.84
913,367,49.5,2.59,5.85,11.7
913,417,3.5,9.38,7.5,3
913,708,3,50.2,4.61,5.97
913,714,3.5,34.16,7.94,8.93
913,720,3,23.26,7,5.01
913,726,4,22.6,8.8,12.21
913,801,3.5,62.69,8.96,6.63
913,864,2.5,49.2,5.11,3
914,368,49.5,2.59,3,5.53
914,389,2.5,9.91,3,4.68
914,780,2,34.66,5.66,3
914,785,2.5,23.24,6.83,3
914,793,2,21.93,10.63,12.25
914,915,0.5,46.17,5.95,9.3
915,369,49.5,2.59,10.14,7.3
915,914,0.5,46.17,3,10.35
915,916,0.5,17.57,15.3,3
916,370,49.5,2.59,5.45,7.42
916,780,0.5,18.62,3,11.14
916,915,0.5,17.57,5.73,3
916,917,1,17.39,3,10.62
917,371,49.5,2.59,6.79,6.36
917,781,1,18.66,7.8,3
917,782,3,20.68,3.6,3
917,916,1,17.39,6.8,10.73
917,918,0.5,18.3,3,9.45
918,372,49.5,2.59,5.21,3
918,782,0.5,19.18,4,4.02
918,783,0.5,20.18,3,6.38
918,917,0.5,18.3,6.32,3
918,919,1.5,17.93,6.95,3
919,373,49.5,2.59,6.44,7.42
919,783,1.5,19.01,7.66,3
919,784,2.5,17.31,6.71,14.4
919,918,1.5,17.93,6.71,7.25
919,920,3,17.2,7.42,3
919,924,1,25.62,4.27,3
920,374,49.5,2.59,7.77,7.56
920,738,1.5,17.45,5.07,10.71
920,740,2,14.54,5.72,6.2
920,919,3,17.2,5.45,11.17
920,921,1.5,17.93,8.9,6.44
921,375,49.5,2.59,3,3
921,418,2,7.01,4.91,7.18
921,739,2,13.8,3.64,7.05
921,743,2.5,20.02,6.87,6.87
921,920,1.5,17.93,9.96,3.34
922,376,49.5,2.59,11.96,8.39
922,418,2,12.76,8.88,6.9
922,743,1,19.48,7.31,3
922,744,1.5,15.06,5.18,4.01
923,377,49.5,2.59,7.18,5.86
923,418,5,31.18,3,7.8
924,378,49.5,2.59,11.09,3
924,919,1,25.62,10.02,6.79
925,379,49.5,2.59,7.32,5.9
925,390,3.5,21.18,3.52,8.27
926,380,49.5,2.59,6.66,3
926,417,3.5,19.56,7.67,3
927,381,49.5,2.59,6.65,11.02
927,462,3.5,23.18,5.11,3
928,382,49.5,2.59,8.98,4.02
928,463,3.5,49.96,6.14,7.37
929,383,49.5,2.59,5.85,7.82
929,442,3.5,98.65,7.51,4.05
930,384,49.5,2.59,3,3.65
930,518,3.5,115.07,3,4.05
931,385,49.5,2.59,7.88,3.6
931,906,0.5,67.96,6.82,6.23
932,386,49.5,2.59,5.48,4.64
932,515,5,31.33,4.68,7.18
933,387,49.5,2.59,3,4.81
933,534,3.5,18.32,3.61,6.31
